"ID","Description","seed_fraction","median_NES","median_p.adjust"
"hsa05150","Staphylococcus aureus infection",1,2.08241079134767,1.54372625754049e-06
"hsa04640","Hematopoietic cell lineage",1,1.90015822062884,0.00017391442644886
"hsa04610","Complement and coagulation cascades",1,1.8265026342078,0.000966485014036853
"hsa05014","Amyotrophic lateral sclerosis",1,-1.84465220629303,3.47e-08
"hsa05012","Parkinson disease",1,-1.79813404985416,1.08676335519144e-06
"hsa05144","Malaria",1,1.80286153998711,0.00596121636335462
"hsa04512","ECM-receptor interaction",1,1.77908510752288,0.00210320801767063
"hsa03050","Proteasome",1,-1.76331886869534,0.00157298122976664
"hsa05016","Huntington disease",1,-1.74096791844124,2.07504822033636e-06
"hsa04060","Cytokine-cytokine receptor interaction",1,1.74045164881444,8.90641274978939e-06
"hsa04518","Integrin signaling",1,1.71721991145274,0.000718487771966564
"hsa04120","Ubiquitin mediated proteolysis",1,-1.69968284310536,0.000689403996542881
"hsa03010","Ribosome",1,-1.68361195418386,0.000763898956593898
"hsa05020","Prion disease",1,-1.68115913408689,8.20801696042412e-05
"hsa05022","Pathways of neurodegeneration - multiple diseases",1,-1.68015909712891,7.55204508590286e-07
"hsa04061","Viral protein interaction with cytokine and cytokine receptor",1,1.62479413716476,0.0222825008735213
"hsa05010","Alzheimer disease",1,-1.62006594326377,4.72891186731256e-05
"hsa00190","Oxidative phosphorylation",1,-1.62808717175699,0.00811582775331409
"hsa05017","Spinocerebellar ataxia",1,-1.60362044995615,0.00726529354267027
"hsa05171","Coronavirus disease",1,1.43444053034481,0.032275326428964
"hsa05132","Salmonella infection",0.95,-1.43669588324263,0.0375009781595237
"hsa04672","Intestinal immune network for IgA production",0.9,1.67279535745543,0.0399088352090465
"hsa05133","Pertussis",0.85,1.60859247143424,0.0382528890659137
"hsa04723","Retrograde endocannabinoid signaling",0.85,-1.50030796517003,0.035970634250005
"hsa05206","MicroRNAs in cancer",0.85,1.45317843870108,0.0354812349044381
"hsa05322","Systemic lupus erythematosus",0.8,1.64498588312877,0.0413064951338454
"hsa04514","Cell adhesion molecule (CAM) interaction",0.8,1.46844707966064,0.0388268475290407
"hsa04114","Oocyte meiosis",0.75,-1.51189367840673,0.0424600916329968
"hsa05152","Tuberculosis",0.75,1.43605456884299,0.0398250511446296
"hsa04141","Protein processing in endoplasmic reticulum",0.7,-1.46446709503845,0.0419955256604487
"hsa05168","Herpes simplex virus 1 infection",0.4,1.42680549536223,0.0552775910346248
"hsa04814","Motor proteins",0.4,-1.42813551508811,0.052203892611527
"hsa05415","Diabetic cardiomyopathy",0.3,-1.42942483171718,0.0556446510085749
"hsa04080","Neuroactive ligand-receptor interaction",0.25,1.2660784962579,0.0564342114433716
"hsa00020","Citrate cycle (TCA cycle)",0.2,-1.57313995094019,0.0620446398260558
"hsa04670","Leukocyte transendothelial migration",0.2,1.47290866706071,0.0543943079480677
"hsa01232","Nucleotide metabolism",0.15,-1.51447434298593,0.0625467043291766
"hsa05208","Chemical carcinogenesis - reactive oxygen species",0.15,-1.42218211946409,0.0591757939222892
"hsa03020","RNA polymerase",0.1,-1.56861276665527,0.0613899482901886
"hsa05140","Leishmaniasis",0.1,1.53807491191642,0.0633014299201902
"hsa05332","Graft-versus-host disease",0.05,1.60943990961762,0.071116357599194
"hsa05330","Allograft rejection",0,1.56151180928345,0.108122238507162
"hsa00350","Tyrosine metabolism",0,-1.51271330595914,0.098473367586307
"hsa00830","Retinol metabolism",0,1.44151665869365,0.17135513768556
"hsa01210","2-Oxocarboxylic acid metabolism",0,-1.46989684439727,0.151561727845771
"hsa00590","Arachidonic acid metabolism",0,1.44037523321007,0.166745913456733
"hsa04710","Circadian rhythm",0,-1.42509427438539,0.23070663248858
"hsa04612","Antigen processing and presentation",0,1.46493223174155,0.136939951912275
"hsa05320","Autoimmune thyroid disease",0,1.44756269244833,0.198175633520927
"hsa05310","Asthma",0,1.43170279055072,0.253125446024476
"hsa00900","Terpenoid backbone biosynthesis",0,-1.42048205899467,0.224580590754846
"hsa00280","Valine, leucine and isoleucine degradation",0,-1.41514147147072,0.202236975869206
"hsa00592","alpha-Linolenic acid metabolism",0,1.41423488100048,0.289245885869656
"hsa04540","Gap junction",0,-1.40241193896592,0.142896655421087
"hsa04520","Adherens junction",0,1.40438332659853,0.124823595125795
"hsa03060","Protein export",0,-1.3859696640399,0.28319079469161
"hsa00062","Fatty acid elongation",0,-1.40278148414554,0.262213811395276
"hsa03013","Nucleocytoplasmic transport",0,-1.37812540543192,0.18494359106916
"hsa05033","Nicotine addiction",0,-1.3824791199629,0.246774607418451
"hsa04714","Thermogenesis",0,-1.38326466553694,0.0920824284544168
"hsa00600","Sphingolipid metabolism",0,-1.37485869293005,0.251711313362975
"hsa00515","Mannose type O-glycan biosynthesis",0,1.37112966878857,0.358939566551352
"hsa04350","TGF-beta signaling pathway",0,1.37299695060172,0.123503942458696
"hsa04940","Type I diabetes mellitus",0,1.36487385867021,0.305823607416155
"hsa04380","Osteoclast differentiation",0,1.34184016086942,0.12298725468769
"hsa04140","Autophagy - animal",0,-1.36793748848107,0.127136948943276
"hsa04950","Maturity onset diabetes of the young",0,1.36292733299669,0.348403555708566
"hsa00650","Butanoate metabolism",0,-1.35694701714276,0.333522115072934
"hsa04148","Efferocytosis",0,1.35932422368082,0.0906789478901566
"hsa05146","Amoebiasis",0,1.372383627703,0.125032028855416
"hsa04728","Dopaminergic synapse",0,-1.35328654567293,0.176025270102489
"hsa05142","Chagas disease",0,1.36565199186775,0.130607926670328
"hsa04932","Non-alcoholic fatty liver disease",0,-1.34513705454476,0.171625735751461
"hsa00480","Glutathione metabolism",0,-1.33637415580868,0.288960122391112
"hsa04924","Renin secretion",0,1.35237059318768,0.227738318017638
"hsa00240","Pyrimidine metabolism",0,-1.33646420809972,0.300923085469714
"hsa05202","Transcriptional misregulation in cancer",0,1.35031042631239,0.0849171426787374
"hsa04137","Mitophagy - animal",0,-1.33010093678631,0.2345360734906
"hsa04146","Peroxisome",0,-1.31522283949054,0.282635268058762
"hsa00430","Taurine and hypotaurine metabolism",0,1.30800651377251,0.435087507300357
"hsa05340","Primary immunodeficiency",0,1.33931951720535,0.31361194454992
"hsa04936","Alcoholic liver disease",0,1.3008678533583,0.156277566320156
"hsa04130","SNARE interactions in vesicular transport",0,-1.29096432763608,0.403394252128191
"hsa00983","Drug metabolism - other enzymes",0,-1.30679857460609,0.295718119401179
"hsa05134","Legionellosis",0,1.28114491102447,0.342580298281505
"hsa04136","Autophagy - other",0,-1.29992611639712,0.411324682362436
"hsa04360","Axon guidance",0,-1.29434433522041,0.200580798401262
"hsa01200","Carbon metabolism",0,-1.31622946986104,0.249774426015307
"hsa04914","Progesterone-mediated oocyte maturation",0,-1.28812664873636,0.313587748778771
"hsa05323","Rheumatoid arthritis",0,1.2665719754612,0.273402966811817
"hsa04613","Neutrophil extracellular trap formation",0,1.26923173932867,0.252892250987608
"hsa05231","Choline metabolism in cancer",0,-1.25968620171422,0.336077388973002
"hsa05412","Arrhythmogenic right ventricular cardiomyopathy",0,1.26394540269543,0.287558726275796
"hsa04530","Tight junction",0,-1.27126269527314,0.262698541402001
"hsa01230","Biosynthesis of amino acids",0,-1.26143667275021,0.373436000491068
"hsa04066","HIF-1 signaling pathway",0,1.27089983216717,0.241780604453034
"hsa04614","Renin-angiotensin system",0,-1.25455064041186,0.451808730507906
"hsa00520","Amino sugar and nucleotide sugar metabolism",0,-1.25284904287753,0.435385905339222
"hsa04115","p53 signaling pathway",0,-1.24699953278507,0.397913974781994
"hsa03440","Homologous recombination",0,-1.24773707163304,0.442471713565396
"hsa00591","Linoleic acid metabolism",0,1.23221904270649,0.456628713539285
"hsa04962","Vasopressin-regulated water reabsorption",0,-1.26242259200119,0.418205648885999
"hsa03250","Viral life cycle - HIV-1",0,-1.23272511450175,0.437906728675325
"hsa04820","Cytoskeleton in muscle cells",0,1.25480241960351,0.137647179963784
"hsa01521","EGFR tyrosine kinase inhibitor resistance",0,-1.22922431699457,0.41634943800262
"hsa04216","Ferroptosis",0,1.22459065554534,0.445648871494511
"hsa04662","B cell receptor signaling pathway",0,1.23331754107996,0.358519428763646
"hsa04979","Cholesterol metabolism",0,1.19962645340988,0.444187310034619
"hsa04621","NOD-like receptor signaling pathway",0,1.2222996799523,0.259206911247695
"hsa05321","Inflammatory bowel disease",0,1.22906927015406,0.411516847840197
"hsa00010","Glycolysis / Gluconeogenesis",0,-1.21961143046885,0.441341890905727
"hsa00561","Glycerolipid metabolism",0,-1.21268566037404,0.450599100832193
"hsa00510","N-Glycan biosynthesis",0,-1.21158490188349,0.450599100832193
"hsa00601","Glycosphingolipid biosynthesis - lacto and neolacto series",0,-1.21351632606275,0.479148165041091
"hsa04064","NF-kappa B signaling pathway",0,1.23101534752014,0.35717245343748
"hsa04217","Necroptosis",0,-1.21843357269436,0.396659177559913
"hsa04960","Aldosterone-regulated sodium reabsorption",0,-1.19745505565546,0.49400798222933
"hsa05218","Melanoma",0,-1.18694477604462,0.464384664911153
"hsa04151","PI3K-Akt signaling pathway",0,1.19428146910963,0.156128717866045
"hsa04964","Proximal tubule bicarbonate reclamation",0,1.19311230679251,0.511620711109667
"hsa04260","Cardiac muscle contraction",0,-1.18334965546083,0.459160042772474
"hsa04978","Mineral absorption",0,1.18339252575672,0.445321615765883
"hsa04910","Insulin signaling pathway",0,-1.17749345526539,0.444222321618862
"hsa04519","Cadherin signaling",0,1.19977365728311,0.121700434189071
"hsa00360","Phenylalanine metabolism",0,-1.18067876769801,0.563526362724473
"hsa00230","Purine metabolism",0,-1.17889861582277,0.453591384657357
"hsa04142","Lysosome biogenesis",0,-1.18485041360746,0.397139523805144
"hsa04012","ErbB signaling pathway",0,-1.18945467867024,0.45155665239958
"hsa04750","Inflammatory mediator regulation of TRP channels",0,-1.17484731078624,0.462668613065575
"hsa05145","Toxoplasmosis",0,1.17527597899636,0.414933506366172
"hsa03420","Nucleotide excision repair",0,-1.17284130315885,0.493164014252629
"hsa03022","Basal transcription factors",0,-1.18082108136479,0.526773764016805
"hsa04015","Rap1 signaling pathway",0,1.1656554057462,0.328045380057823
"hsa05416","Viral myocarditis",0,1.17057218302891,0.45763666536996
"hsa04713","Circadian entrainment",0,-1.17341536562258,0.461181596206758
"hsa04156","Integrated stress response (ISR) signaling pathway",0,-1.16073301453383,0.525199728413442
"hsa04144","Endocytosis",0,-1.16446897744762,0.435572006622007
"hsa05031","Amphetamine addiction",0,-1.15781951053225,0.509595368909332
"hsa04310","Wnt signaling pathway",0,-1.16322114396378,0.443745393025966
"hsa04912","GnRH signaling pathway",0,-1.14516176501054,0.507854477883192
"hsa04921","Oxytocin signaling pathway",0,-1.15174991135414,0.471930538794892
"hsa00630","Glyoxylate and dicarboxylate metabolism",0,-1.15511795215797,0.578112795150351
"hsa05410","Hypertrophic cardiomyopathy",0,1.12627516632232,0.465686188533793
"hsa05169","Epstein-Barr virus infection",0,-1.15337833285037,0.446718351364574
"hsa04517","IgSF CAM signaling",0,-1.15294994121753,0.434542338700548
"hsa04611","Platelet activation",0,1.14932092278496,0.433936187152965
"hsa04725","Cholinergic synapse",0,-1.14372131008215,0.500704899557568
"hsa04020","Calcium signaling pathway",0,-1.14439449928321,0.446470132041746
"hsa04390","Hippo signaling pathway",0,1.14067447519759,0.426842250094646
"hsa04929","GnRH secretion",0,-1.14192017337381,0.526438252223329
"hsa04510","Focal adhesion",0,1.15797053975109,0.355175044866534
"hsa04933","AGE-RAGE signaling pathway in diabetic complications",0,1.14585027506375,0.453591384657357
"hsa04720","Long-term potentiation",0,-1.12834511693137,0.559894377427776
"hsa05213","Endometrial cancer",0,-1.12752935181229,0.579080545301522
"hsa04730","Long-term depression",0,1.13250148269877,0.509364454720313
"hsa05414","Dilated cardiomyopathy",0,1.10575934102993,0.498526187183307
"hsa04922","Glucagon signaling pathway",0,-1.13099955552888,0.526857064951344
"hsa05222","Small cell lung cancer",0,1.13338989377265,0.473559811938606
"hsa05223","Non-small cell lung cancer",0,-1.11732241953667,0.581969725448103
"hsa00513","Various types of N-glycan biosynthesis",0,-1.11865160248336,0.599914013488848
"hsa00534","Glycosaminoglycan biosynthesis - heparan sulfate / heparin",0,1.11205874046415,0.607050539718255
"hsa00340","Histidine metabolism",0,-1.0988851370766,0.645667883348155
"hsa04392","Hippo signaling pathway - multiple species",0,1.09275260045,0.62238914804322
"hsa00052","Galactose metabolism",0,-1.09503334226815,0.636660343525524
"hsa00563","Glycosylphosphatidylinositol (GPI)-anchor biosynthesis",0,-1.09907852521778,0.640490072060937
"hsa04666","Fc gamma R-mediated phagosome formation",0,1.10173355995433,0.535436628503459
"hsa04630","JAK-STAT signaling pathway",0,1.09098566516679,0.513590615180082
"hsa04810","Regulation of actin cytoskeleton",0,1.09550875847447,0.465722233547186
"hsa04919","Thyroid hormone signaling pathway",0,-1.10258448083544,0.567436426589634
"hsa00051","Fructose and mannose metabolism",0,-1.08874391802145,0.637140527478194
"hsa05216","Thyroid cancer",0,-1.07606905835726,0.647742439353765
"hsa05032","Morphine addiction",0,-1.0903357221552,0.60905652358691
"hsa00760","Nicotinate and nicotinamide metabolism",0,1.08576785183824,0.627136470717909
"hsa04650","Natural killer cell mediated cytotoxicity",0,1.09185147538306,0.536899355885205
"hsa04726","Serotonergic synapse",0,-1.08266811002715,0.620626746364201
"hsa05215","Prostate cancer",0,-1.08889653794884,0.60401145178584
"hsa00100","Steroid biosynthesis",0,-1.0667334477862,0.685367673678456
"hsa01240","Biosynthesis of cofactors",0,-1.07497328162923,0.616287435159947
"hsa04110","Cell cycle",0,-1.07478513343918,0.618564415895487
"hsa04976","Bile secretion",0,1.0761208416227,0.596640183781644
"hsa05170","Human immunodeficiency virus 1 infection",0,-1.0740506095642,0.607904615677593
"hsa05230","Central carbon metabolism in cancer",0,-1.07725309736225,0.635543081819996
"hsa05235","PD-L1 expression and PD-1 checkpoint pathway in cancer",0,-1.07879576293906,0.627234517332021
"hsa04668","TNF signaling pathway",0,1.07291017357609,0.569361568129333
"hsa03083","Polycomb repressive complex",0,-1.07017489383774,0.638934405642906
"hsa00330","Arginine and proline metabolism",0,-1.07488150405662,0.649670069064692
"hsa00564","Glycerophospholipid metabolism",0,-1.06854322223872,0.639771938578416
"hsa05143","African trypanosomiasis",0,1.06653214756578,0.640081435750682
"hsa04721","Synaptic vesicle cycle",0,-1.06160224392263,0.64818161767003
"hsa00030","Pentose phosphate pathway",0,-1.06054870809131,0.669579354557716
"hsa04744","Phototransduction",0,1.04815909129369,0.665821601845224
"hsa04660","T cell receptor signaling pathway",0,-1.05627989569886,0.646585778403195
"hsa04931","Insulin resistance",0,1.06574395149087,0.584603575886148
"hsa04977","Vitamin digestion and absorption",0,1.06101091555009,0.656211237492084
"hsa05100","Bacterial invasion of epithelial cells",0,1.06144235254438,0.620416419620533
"hsa00450","Selenocompound metabolism",0,-1.0359933619471,0.713548168903815
"hsa01250","Biosynthesis of nucleotide sugars",0,-1.04850552932879,0.678178399825643
"hsa04218","Cellular senescence",0,-1.03877723255314,0.669517393101833
"hsa04270","Vascular smooth muscle contraction",0,1.03599423254664,0.642339990927012
"hsa04970","Salivary secretion",0,1.0430606483767,0.644866966141505
"hsa04727","GABAergic synapse",0,-1.03752811850508,0.685298693876085
"hsa04622","RIG-I-like receptor signaling pathway",0,-1.03510902348111,0.686715978827013
"hsa04152","AMPK signaling pathway",0,-1.03365683625664,0.68884741065289
"hsa05110","Vibrio cholerae infection",0,-1.02740197606847,0.695018048882234
"hsa05214","Glioma",0,-1.02273569204071,0.696110523289144
"hsa04070","Phosphatidylinositol signaling system",0,-1.02759491636519,0.694659343898087
"hsa04659","Th17 cell differentiation",0,-1.0140399190367,0.708311258811508
"hsa04072","Phospholipase D signaling pathway",0,1.00966445003148,0.690924749430689
"hsa04971","Gastric acid secretion",0,-1.02079540483326,0.704847849877791
"hsa05131","Shigellosis",0,1.01545995839155,0.672956143900766
"hsa04261","Adrenergic signaling in cardiomyocytes",0,-1.01574895176524,0.703239365288506
"hsa00514","Other types of O-glycan biosynthesis",0,1.01815443496197,0.691405470594221
"hsa04934","Cushing syndrome",0,-1.01377419276374,0.70839125269431
"hsa00380","Tryptophan metabolism",0,-0.997531993160779,0.728113191005694
"hsa03040","Spliceosome",0,-1.00912693393203,0.712649779688713
"hsa00785","Lipoic acid metabolism",0,-1.01157190950052,0.731700339650075
"hsa00910","Nitrogen metabolism",0,-0.99527117542349,0.742068520451471
"hsa00604","Glycosphingolipid biosynthesis - ganglio series",0,-1.00651178967221,0.733549350091185
"hsa04625","C-type lectin receptor signaling pathway",0,1.00312818167658,0.700150257506027
"hsa05166","Human T-cell leukemia virus 1 infection",0,-1.00399043147952,0.727209785251776
"hsa03030","DNA replication",0,0.992484761758107,0.721339681118436
"hsa00250","Alanine, aspartate and glutamate metabolism",0,-0.996337495423059,0.735760069696861
"hsa03008","Ribosome biogenesis in eukaryotes",0,-0.996929474460502,0.725922104948869
"hsa04740","Olfactory transduction",0,0.999038138217809,0.702751875052733
"hsa04930","Type II diabetes mellitus",0,-0.998719226696877,0.729945806019961
"hsa00310","Lysine degradation",0,-0.998411217764088,0.729945806019961
"hsa05418","Fluid shear stress and atherosclerosis",0,0.978879780057113,0.741261034819905
"hsa04722","Neurotrophin signaling pathway",0,-0.99734158468412,0.729945806019961
"hsa03410","Base excision repair",0,-0.995336691260721,0.733918816029547
"hsa04724","Glutamatergic synapse",0,-0.98627751479934,0.740973216973365
"hsa05135","Yersinia infection",0,0.983099573603007,0.738303987452399
"hsa04911","Insulin secretion",0,-0.970709714232841,0.752193484321721
"hsa03082","ATP-dependent chromatin remodeling",0,-0.984299434377431,0.743900373569563
"hsa03018","RNA degradation",0,-0.978348367704875,0.749025359211256
"hsa04972","Pancreatic secretion",0,0.971834040610168,0.742489934018159
"hsa01524","Platinum drug resistance",0,-0.983899998181955,0.742367930108115
"hsa01212","Fatty acid metabolism",0,-0.970210538835063,0.75122374738962
"hsa05210","Colorectal cancer",0,-0.964402955794973,0.753800711348987
"hsa04145","Phagocytosis",0,-0.977633348567573,0.755909957271791
"hsa04024","cAMP signaling pathway",0,0.973426517969068,0.7552753845646
"hsa05207","Chemical carcinogenesis - receptor activation",0,-0.962584140700357,0.763450141560832
"hsa04916","Melanogenesis",0,-0.956967139332321,0.7637941557813
"hsa04973","Carbohydrate digestion and absorption",0,-0.970735012875407,0.748955113696095
"hsa04935","Growth hormone synthesis, secretion and action",0,-0.961327776074447,0.759483002336092
"hsa04966","Collecting duct acid secretion",0,-0.963930383112634,0.755303849945771
"hsa04961","Endocrine and other factor-regulated calcium reabsorption",0,-0.971939833845735,0.749378891092303
"hsa04010","MAPK signaling pathway",0,0.957467241081105,0.798378644611826
"hsa05034","Alcoholism",0,-0.96628342221919,0.758000529644733
"hsa00603","Glycosphingolipid biosynthesis - globo and isoglobo series",0,-0.956446424764803,0.760918365421747
"hsa05120","Epithelial cell signaling in Helicobacter pylori infection",0,-0.947879356301977,0.762684549074648
"hsa04150","mTOR signaling pathway",0,-0.953335713771779,0.765888275220945
"hsa04082","Neuroactive ligand signaling",0,-0.960819470087843,0.765300731117024
"hsa04014","Ras signaling pathway",0,-0.959463454922252,0.766755327497075
"hsa00500","Starch and sucrose metabolism",0,-0.962120119620029,0.754325560335792
"hsa01522","Endocrine resistance",0,-0.951547855412049,0.76390587589297
"hsa05160","Hepatitis C",0,-0.95377956013999,0.766555297618322
"hsa04917","Prolactin signaling pathway",0,-0.951635399885025,0.763425950112317
"hsa04068","FoxO signaling pathway",0,-0.938675702470811,0.779546364605234
"hsa04925","Aldosterone synthesis and secretion",0,-0.952115983220549,0.765194095348935
"hsa05205","Proteoglycans in cancer",0,0.952196778929869,0.796276886870649
"hsa04742","Taste transduction",0,0.922229541051577,0.790210853842285
"hsa04081","Hormone signaling",0,0.935817565163062,0.828931032089946
"hsa04623","Cytosolic DNA-sensing pathway",0,-0.936198217931092,0.769030428830349
"hsa04330","Notch signaling pathway",0,0.940423694901956,0.763008471328561
"hsa00562","Inositol phosphate metabolism",0,-0.938482672813062,0.768477224329189
"hsa04918","Thyroid hormone synthesis",0,-0.926545288800586,0.777767196923582
"hsa04371","Apelin signaling pathway",0,-0.922301796066665,0.796144734128092
"hsa00860","Porphyrin metabolism",0,0.923019820129181,0.767704198053544
"hsa04981","Folate transport and metabolism",0,0.91813717642468,0.767740671494541
"hsa04382","Cornified envelope formation",0,0.921734835349124,0.862174156184574
"hsa04340","Hedgehog signaling pathway",0,0.905213522645636,0.804035738377494
"hsa05130","Pathogenic Escherichia coli infection",0,-0.926567179687566,0.804237228320524
"hsa03460","Fanconi anemia pathway",0,-0.928384620785766,0.768677678296806
"hsa00040","Pentose and glucuronate interconversions",0,0.922678376441926,0.766978748033929
"hsa05161","Hepatitis B",0,-0.919771244099463,0.804662942887269
"hsa00260","Glycine, serine and threonine metabolism",0,-0.916144378367101,0.7831317010616
"hsa04215","Apoptosis - multiple species",0,-0.92305582386379,0.770669758668301
"hsa00061","Fatty acid biosynthesis",0,0.914748707915244,0.771552652888569
"hsa04213","Longevity regulating pathway - multiple species",0,-0.9056507918155,0.793729231422805
"hsa04211","Longevity regulating pathway",0,-0.900011991140537,0.813771238117109
"hsa05164","Influenza A",0,0.901616368664217,0.870356104735973
"hsa00270","Cysteine and methionine metabolism",0,-0.907003193281188,0.793729231422805
"hsa04913","Ovarian steroidogenesis",0,0.903080646818468,0.791521109223916
"hsa05167","Kaposi sarcoma-associated herpesvirus infection",0,-0.88145824978188,0.862039637428157
"hsa04658","Th1 and Th2 cell differentiation",0,-0.898737561010112,0.815282794989105
"hsa03320","PPAR signaling pathway",0,0.889945583960292,0.842696780544719
"hsa03430","Mismatch repair",0,0.889464379308548,0.790919926549722
"hsa00541","Biosynthesis of various nucleotide sugars",0,-0.884551476519303,0.801774004883212
"hsa04370","VEGF signaling pathway",0,-0.868340364312692,0.837816455696203
"hsa05212","Pancreatic cancer",0,-0.872425170966431,0.846349995121516
"hsa04550","Signaling pathways regulating pluripotency of stem cells",0,-0.864846515326541,0.869730756457468
"hsa04022","cGMP-PKG signaling pathway",0,-0.863935564227229,0.870695551865681
"hsa05203","Viral carcinogenesis",0,-0.866924077228439,0.87025077551313
"hsa00620","Pyruvate metabolism",0,-0.861110314959399,0.840536366460049
"hsa05417","Lipid and atherosclerosis",0,-0.84380843863324,0.905428757075075
"hsa04071","Sphingolipid signaling pathway",0,-0.861190294636425,0.866416420684159
"hsa00120","Primary bile acid biosynthesis",0,-0.842027094766229,0.846709894598154
"hsa00640","Propanoate metabolism",0,0.850885787912368,0.85150122827342
"hsa00565","Ether lipid metabolism",0,-0.85823070697783,0.843308625418026
"hsa04620","Toll-like receptor signaling pathway",0,-0.85593428357185,0.865787590387419
"hsa04210","Apoptosis",0,-0.845938343336998,0.879372636679507
"hsa04927","Cortisol synthesis and secretion",0,-0.847381760223682,0.864654231144406
"hsa05204","Chemical carcinogenesis - DNA adducts",0,-0.855950033300324,0.849350334905346
"hsa05030","Cocaine addiction",0,-0.844924888221754,0.855251441866042
"hsa05163","Human cytomegalovirus infection",0,-0.834795072654651,0.91573621965458
"hsa04926","Relaxin signaling pathway",0,-0.851113430489755,0.876863050366087
"hsa05221","Acute myeloid leukemia",0,0.856989707975203,0.874706568980715
"hsa00410","beta-Alanine metabolism",0,0.838747520410197,0.860775001036082
"hsa00770","Pantothenate and CoA biosynthesis",0,-0.848651497544894,0.83988252007513
"hsa04980","Cobalamin transport and metabolism",0,0.844334797192797,0.826625706945424
"hsa04062","Chemokine signaling pathway",0,-0.829546266943212,0.911358191440696
"hsa05220","Chronic myeloid leukemia",0,0.849779468061655,0.884070668627562
"hsa00980","Metabolism of xenobiotics by cytochrome P450",0,0.837699716063007,0.881345591449844
"hsa00512","Mucin type O-glycan biosynthesis",0,0.831585317510066,0.864259204465224
"hsa05224","Breast cancer",0,-0.830122252533491,0.902499716485085
"hsa04974","Protein digestion and absorption",0,-0.827790380377173,0.883550661000974
"hsa05165","Human papillomavirus infection",0,-0.827081675396648,0.951044098558541
"hsa00730","Thiamine metabolism",0,-0.814580841436288,0.857897734574201
"hsa05225","Hepatocellular carcinoma",0,0.810190164137209,0.992619785070961
"hsa05219","Bladder cancer",0,0.83514906999302,0.86831930339354
"hsa04920","Adipocytokine signaling pathway",0,-0.82688806773863,0.878651931605716
"hsa04915","Estrogen signaling pathway",0,-0.8306287526748,0.898254930428111
"hsa00982","Drug metabolism - cytochrome P450",0,0.794741550458733,0.930626095512148
"hsa00071","Fatty acid degradation",0,-0.811807871882265,0.874008621639693
"hsa04664","Fc epsilon RI signaling pathway",0,-0.814229527274195,0.884978845025368
"hsa05162","Measles",0,-0.813222129217306,0.916137207464024
"hsa00670","One carbon pool by folate",0,0.813455737918036,0.874008621639693
"hsa04928","Parathyroid hormone synthesis, secretion and action",0,-0.806906831197165,0.913353254576355
"hsa02010","ABC transporters",0,-0.806042268861961,0.879295592338301
"hsa00511","Other glycan degradation",0,-0.784772019279415,0.870695551865681
"hsa04657","IL-17 signaling pathway",0,-0.76154834451639,0.948646475760038
"hsa05226","Gastric cancer",0,-0.756391658550734,0.979226096304852
"hsa00790","Folate biosynthesis",0,0.749275023131898,0.914083857839461
"hsa00220","Arginine biosynthesis",0,-0.753092605447767,0.895852487486052
"hsa03272","Virion - Hepatitis viruses",0,-0.749671777687275,0.916739844356609
"hsa01523","Antifolate resistance",0,-0.743685790854493,0.910021487968402
"hsa05211","Renal cell carcinoma",0,-0.735569067368245,0.953772502644904
"hsa00140","Steroid hormone biosynthesis",0,-0.728061603986446,0.952103842355843
"hsa03015","mRNA surveillance pathway",0,-0.706787330491437,0.986222926023411
"hsa04923","Regulation of lipolysis in adipocytes",0,0.695456796419108,0.993049497222781
"hsa00531","Glycosaminoglycan degradation",0,0.663524391714933,0.957034652873893
"hsa05217","Basal cell carcinoma",0,0.667453656061886,0.9968942602846
"hsa03273","Virion - Lassa virus and SFTS virus",0,-0.656107448441313,0.952395477794462
"hsa00053","Ascorbate and aldarate metabolism",0,-0.662078402213888,0.956577927874233
"hsa01040","Biosynthesis of unsaturated fatty acids",0,-0.649539846018312,0.961319045665846
"hsa00532","Glycosaminoglycan biosynthesis - chondroitin sulfate / dermatan sulfate",0,-0.628496819686908,0.970854186670238
"hsa04975","Fat digestion and absorption",0,-0.548956154757986,0.998516238819507
