"ID","Description","setSize","enrichmentScore","NES","pvalue","p.adjust","qvalue","rank","leading_edge","core_enrichment","log2err"
"hsa04979","Cholesterol metabolism",51,0.8407131636402,1.94004426846507,0.000354883097552686,0.061572217425391,0.0508044289204034,119,"tags=8%, list=1%, signal=8%","341/348/4043/114879",0.49849310876659
"hsa05171","Coronavirus disease",203,0.656379594681137,1.7912999992021,0.00019819002990145,0.061572217425391,0.0508044289204034,2272,"tags=26%, list=13%, signal=23%","714/713/7132/7450/718/6157/3455/5648/6218/4615/4792/5293/3654/5335/6347/730/6203/6223/6136/5578/57506/6300/6209/6160/719/834/2212/51284/6222/25873/6191/6141/1536/6868/6227/7297/6173/712/2244/4314/23118/1147/1432/6123/728/8829/6164/59272/11224/51187/732/6217",0.518848077743792
"hsa05213","Endometrial cancer",58,0.775668924625525,1.78647363799059,0.00365605859163934,0.181236047328407,0.14954137221821,893,"tags=10%, list=5%, signal=10%","5728/6654/5293/7157/208/1026",0.431707695803346
"hsa04931","Insulin resistance",104,0.713984725571244,1.77878135988329,0.00116419756982985,0.131218985435457,0.108271325888842,1010,"tags=13%, list=6%, signal=13%","5728/6945/7132/5465/4792/5293/2308/10891/208/376497/1385/6720/6195/5781",0.45505986738723
"hsa04610","Complement and coagulation cascades",83,0.709561721912039,1.76705807147616,0.00654914702889831,0.284069252378464,0.234391041031152,1339,"tags=19%, list=8%, signal=18%","2152/714/713/7450/718/3426/11326/5648/2/730/7035/10878/719/5327/5328/2153",0.407017918923954
"hsa05142","Chagas disease",99,0.675724821414379,1.71420451473973,0.00902973775102899,0.313331899960706,0.258536218211367,698,"tags=11%, list=4%, signal=11%","714/713/7132/718/4615/4792/5293/3654/3460/6347/208",0.380730400722792
"hsa05206","MicroRNAs in cancer",162,0.644778242166457,1.69513938157241,0.00151261078311766,0.131218985435457,0.108271325888842,1584,"tags=20%, list=9%, signal=19%","5728/4854/9759/10253/1942/6654/7078/2261/894/3371/7431/6464/5293/7157/5335/23411/54541/4082/7430/3162/2033/960/1026/5578/836/25/5328/5159/3065/10018/5243/8434/4853",0.45505986738723
"hsa04964","Proximal tubule bicarbonate reclamation",22,0.797990429720719,1.6179485697455,0.0122117405708511,0.35312283150711,0.291368486366652,406,"tags=18%, list=2%, signal=18%","358/477/482/2747",0.380730400722792
"hsa05133","Pertussis",69,0.677923446858639,1.61071031391175,0.0163265667730991,0.375738885733907,0.310029430660522,1165,"tags=14%, list=7%, signal=14%","714/713/718/929/4615/3654/3659/836/6300/834",0.352487857583619
"hsa05230","Central carbon metabolism in cancer",67,0.681228895524601,1.60607973683062,0.034453427573664,0.385555555555556,0.318129355026464,953,"tags=13%, list=5%, signal=13%","5728/2261/8140/5293/7157/208/5163/3417/3099",0.321775918075361
"hsa05322","Systemic lupus erythematosus",48,0.712650551433118,1.60542539441666,0.0364800997838796,0.385555555555556,0.318129355026464,1275,"tags=21%, list=7%, signal=19%","714/713/718/87/2215/2903/730/3119/2212/3112",0.321775918075361
"hsa05215","Prostate cancer",104,0.641089582658283,1.59717450360795,0.0119678136951309,0.35312283150711,0.291368486366652,1349,"tags=16%, list=8%, signal=15%","5728/6654/4792/5293/7157/2308/208/2033/1385/1026/7039/468/5327/2078/2350/5328/5159",0.380730400722792
"hsa05214","Glioma",73,0.676175254633334,1.58208803160427,0.022882587243979,0.385555555555556,0.318129355026464,1113,"tags=16%, list=6%, signal=15%","5728/6654/6464/5293/7157/5335/25759/208/1026/5578/7039/818",0.352487857583619
"hsa05165","Human papillomavirus infection",316,0.560934850147824,1.58018355948777,0.00252021313979482,0.149496951576109,0.123352829697398,1117,"tags=13%, list=6%, signal=12%","5728/7132/3693/7450/4854/3455/23545/6654/894/84441/1284/7474/3371/1108/131873/5293/7157/8324/3135/5523/2308/5527/1452/3911/208/5525/2335/2033/7058/3659/1385/1026/245972/10312/5829/5566/836/10319/7855/8322",0.431707695803346
"hsa05222","Small cell lung cancer",92,0.629365172457825,1.57848732662214,0.0246061981404776,0.385555555555556,0.318129355026464,1100,"tags=13%, list=6%, signal=12%","5728/1284/4792/5293/7157/7188/3911/208/2335/1026/836/10319",0.352487857583619
"hsa04390","Hippo signaling pathway",145,0.596662754777077,1.56050033577267,0.0194907779343237,0.375738885733907,0.310029430660522,1189,"tags=14%, list=7%, signal=13%","9231/658/10413/25937/55233/4092/7003/894/7474/60485/8324/23418/3397/655/1454/7855/8322/126374/286204/60",0.352487857583619
"hsa05218","Melanoma",72,0.645721808545023,1.56047120481177,0.0257151704215994,0.385555555555556,0.318129355026464,893,"tags=8%, list=5%, signal=8%","5728/2252/5293/7157/208/1026",0.352487857583619
"hsa05225","Hepatocellular carcinoma",157,0.597286620502088,1.55873767511198,0.00747126664445674,0.288058836180721,0.237682923883176,1189,"tags=15%, list=7%, signal=14%","5728/57492/6654/7474/6601/6464/2944/5293/7157/5335/8324/25759/1452/3162/208/2946/1026/5578/7039/7855/8322/2949/60",0.407017918923954
"hsa05235","PD-L1 expression and PD-1 checkpoint pathway in cancer",86,0.640929742830917,1.55849293451345,0.0294241228765717,0.385555555555556,0.318129355026464,1090,"tags=12%, list=6%, signal=11%","5728/4615/4792/5293/3460/5335/4215/208/5781/6300",0.352487857583619
"hsa01521","EGFR tyrosine kinase inhibitor resistance",78,0.632791569806275,1.53942206899665,0.038159677253903,0.385555555555556,0.318129355026464,1016,"tags=14%, list=6%, signal=13%","5728/6654/2261/558/6464/5293/5335/25759/208/5578/7039",0.321775918075361
"hsa00562","Inositol phosphate metabolism",76,0.627880784049589,1.5380158898612,0.0548061650769086,0.385555555555556,0.318129355026464,442,"tags=7%, list=2%, signal=6%","5728/113026/51477/5293/5335",0.321775918075361
"hsa04978","Mineral absorption",56,0.659198265412313,1.53731449170959,0.0290799850346149,0.385555555555556,0.318129355026464,1487,"tags=21%, list=8%, signal=20%","4499/477/482/4493/115019/3162/2495/2512/4502/4494/4496/30061",0.352487857583619
"hsa04936","Alcoholic liver disease",135,0.593438507893095,1.53204661351186,0.0307635978402287,0.385555555555556,0.318129355026464,1931,"tags=22%, list=11%, signal=20%","714/713/7132/718/929/5465/79966/9020/4615/4792/3654/23411/2308/10891/84818/208/6720/836/6300/719/23417/5564/23643/130/83439/712/114609/3605/23118/1147",0.352487857583619
"hsa04510","Focal adhesion",195,0.562319007583947,1.52486958391314,0.0148832146931979,0.375738885733907,0.310029430660522,1710,"tags=17%, list=10%, signal=16%","5728/3693/7450/6654/5908/894/1284/7423/2013/3371/6464/131873/5293/25759/87/3911/208/2335/7058/64098/2534/5578/5829/55742/10319/1793/60/56924/5159/4636/3680/331/5906/8395",0.380730400722792
"hsa04068","FoxO signaling pathway",127,0.590050208449695,1.5228165438345,0.0236220943845682,0.385555555555556,0.318129355026464,1090,"tags=17%, list=6%, signal=16%","5728/6654/6789/1901/894/23710/604/5293/23411/2308/100132074/9455/208/2033/3276/6446/1026/6648/901/1454/1263/6300",0.352487857583619
"hsa00061","Fatty acid biosynthesis",17,0.77525035705675,1.5227007865174,0.0695553711000531,0.423433574942428,0.349383242316099,1271,"tags=12%, list=7%, signal=11%","23205/2182",0.287805130535564
"hsa05150","Staphylococcus aureus infection",77,0.621617626615129,1.5146133147579,0.0491234759760038,0.385555555555556,0.318129355026464,1275,"tags=16%, list=7%, signal=15%","714/713/718/3426/5648/2357/5724/2215/3119/719/2212/3112",0.321775918075361
"hsa03030","DNA replication",36,0.68113217543689,1.50117388601794,0.0555555555555556,0.385555555555556,0.318129355026464,2239,"tags=28%, list=13%, signal=24%","10714/5985/29935/5981/5111/1763/84153/79621/5425/246243",0.282013350011725
"hsa00600","Sphingolipid metabolism",46,-0.642622170988967,-1.49953933051684,0.0152476854355453,0.375738885733907,0.310029430660522,1963,"tags=26%, list=11%, signal=23%","129807/9331/81537/8879/2760/4758/6610/8560/2581/10825/125981/130367",0.380730400722792
"hsa05418","Fluid shear stress and atherosclerosis",132,0.580087804627612,1.48822892414967,0.0193255920641563,0.375738885733907,0.310029430660522,1274,"tags=13%, list=7%, signal=12%","7132/658/1003/2944/5293/7157/6347/6385/3162/208/5607/2946/7412/6300/2949/60/5327",0.352487857583619
"hsa04666","Fc gamma R-mediated phagosome formation",89,0.594317109226381,1.4862080539144,0.0397860433011568,0.385555555555556,0.318129355026464,1223,"tags=17%, list=7%, signal=16%","5788/3985/85477/5293/5335/5321/9846/2215/4082/208/5578/255189/1793/3055/2212",0.321775918075361
"hsa04814","Motor proteins",179,-0.525580452089015,-1.48170439191088,0.00258496169872235,0.149496951576109,0.123352829697398,2253,"tags=20%, list=13%, signal=18%","3799/51174/4646/4633/84790/55860/1783/58498/4651/22989/79861/124602/203068/10381/79659/8655/10382/347733/4625/4642/55605/7277/64005/57644/10121/832/10383/140735/84700/7280/93408/55614/51807/7846/221458/51143",0.431707695803346
"hsa04664","Fc epsilon RI signaling pathway",63,0.623221245324374,1.47986741664179,0.0583333333333333,0.396895424836601,0.327486100762537,1090,"tags=17%, list=6%, signal=16%","6654/5293/5335/5321/9846/208/2534/5578/255189/241/6300",0.271288554688953
"hsa04115","p53 signaling pathway",72,0.612158199396163,1.47936035349273,0.0623700623700624,0.400785400785401,0.330695795245805,1111,"tags=14%, list=6%, signal=13%","5728/3732/894/7157/10848/1026/901/8795/836/83667",0.261663521711573
"hsa05224","Breast cancer",143,0.55778485258236,1.47750963365676,0.0367887858652794,0.385555555555556,0.318129355026464,1698,"tags=14%, list=10%, signal=13%","5728/4854/2252/6654/7474/6464/5293/7157/8324/25759/1452/208/1026/7855/8322/23493/8323/4853/83439/7475",0.321775918075361
"hsa04976","Bile secretion",76,0.602306043111233,1.47536966952526,0.0773530253670778,0.432927416167355,0.357216794555432,1636,"tags=14%, list=9%, signal=13%","358/361/477/482/8714/6344/5566/7366/64240/5243/6548",0.287805130535564
"hsa04071","Sphingolipid signaling pathway",120,0.571066533036937,1.47191580945739,0.0462386238343111,0.385555555555556,0.318129355026464,1090,"tags=13%, list=6%, signal=13%","5728/7132/2768/1901/427/5293/7157/9846/5523/9517/5527/208/5525/2534/5578/6300",0.321775918075361
"hsa04061","Viral protein interaction with cytokine and cytokine receptor",92,0.585156007746205,1.46760796870451,0.0539210914632224,0.385555555555556,0.318129355026464,1003,"tags=12%, list=6%, signal=11%","7132/1230/4283/2826/57007/1524/9547/6347/7852/1436/8795",0.321775918075361
"hsa05100","Bacterial invasion of epithelial cells",68,0.620952041577791,1.46716283848811,0.0500298017156992,0.385555555555556,0.318129355026464,1402,"tags=21%, list=8%, signal=19%","3059/79658/26084/867/6464/5293/25759/2335/1213/5829/1793/60/79767/63916",0.321775918075361
"hsa04064","NF-kappa B signaling pathway",99,0.577513607699802,1.46505855974105,0.0513347022587269,0.385555555555556,0.318129355026464,545,"tags=11%, list=3%, signal=11%","7132/929/10673/84433/9020/4615/4792/3654/5335/7188/10848",0.287857117255149
"hsa04062","Chemokine signaling pathway",182,0.540172218038528,1.46250322473125,0.0354635263693551,0.385555555555556,0.318129355026464,1160,"tags=12%, list=6%, signal=11%","57580/59345/1230/58191/4283/6654/2826/5908/1524/9547/6464/4792/5293/5335/6347/25759/51764/208/7852/5829/5566/3055",0.321775918075361
"hsa03430","Mismatch repair",22,0.713304638927734,1.4462456908786,0.104212860310421,0.494145569620253,0.407729078435817,739,"tags=23%, list=4%, signal=22%","10714/5985/29935/5981/5111",0.206587922696891
"hsa04722","Neurotrophin signaling pathway",115,0.562030353846975,1.44466144304104,0.0376748443183825,0.385555555555556,0.318129355026464,1305,"tags=20%, list=7%, signal=19%","397/6654/5908/6464/4792/5293/3654/7157/5335/25759/627/4215/208/5607/4915/25970/6195/5781/6300/818/11213/468/25",0.321775918075361
"hsa04933","AGE-RAGE signaling pathway in diabetic complications",99,0.566137974757713,1.43620041996378,0.0554414784394251,0.385555555555556,0.318129355026464,1090,"tags=14%, list=6%, signal=13%","2152/113026/1284/7423/5293/5335/6347/2308/208/2335/7412/5578/836/6300",0.276500599254472
"hsa05168","Herpes simplex virus 1 infection",163,0.535853755839985,1.43546304279792,0.0339673814365175,0.385555555555556,0.318129355026464,1931,"tags=19%, list=11%, signal=17%","7132/972/718/3455/4615/4792/5293/3654/7157/3460/7188/6347/3135/208/1616/3119/10929/5781/5199/57506/836/10482/3112/5452/55080/7297/3126/3459/10189/23118/1147",0.321775918075361
"hsa05152","Tuberculosis",171,0.529682974035454,1.43273115274043,0.0409423324673817,0.385555555555556,0.318129355026464,1275,"tags=13%, list=7%, signal=13%","7132/972/1051/718/929/23545/4615/3654/3460/1520/2215/208/2033/1385/245972/10312/3119/1263/836/6300/818/2212/3112",0.321775918075361
"hsa05167","Kaposi sarcoma-associated herpesvirus infection",188,0.540627766577864,1.42902788110462,0.025929720808651,0.385555555555556,0.318129355026464,1160,"tags=11%, list=6%, signal=11%","7132/57580/718/59345/1230/3455/4792/5293/7157/5335/3135/7538/9976/51764/208/2033/1385/1026/836/6300/3055",0.352487857583619
"hsa00770","Pantothenate and CoA biosynthesis",21,-0.71288200569239,-1.42717442176204,0.0745834423481247,0.431340908246655,0.355907736147936,1491,"tags=24%, list=8%, signal=22%","224/5167/60496/1806/1807",0.287805130535564
"hsa04668","TNF signaling pathway",115,0.554894023230651,1.42631798237983,0.0434708424963554,0.385555555555556,0.318129355026464,1253,"tags=16%, list=7%, signal=15%","7132/1051/79651/9020/1386/4792/5293/7188/6347/208/3659/1385/7412/3726/9530/836/6300/468",0.321775918075361
"hsa05203","Viral carcinogenesis",162,0.53389246839851,1.4036176929084,0.062111801242236,0.400785400785401,0.330695795245805,1253,"tags=14%, list=7%, signal=13%","718/9759/85477/894/1108/1386/4792/5293/7157/7188/3135/87/79885/2033/1385/1026/245972/5829/5566/836/2961/468",0.261663521711573
"hsa04148","Efferocytosis",150,0.530244337993243,1.38866408856375,0.0523255813953488,0.385555555555556,0.318129355026464,1886,"tags=21%, list=11%, signal=19%","714/713/1051/3693/84465/1901/558/1524/23411/65082/84868/10461/6446/1385/384/5781/836/6300/818/1793/834/140885/4035/6868/5627/712/682/102/64284/240/80824",0.276500599254472
"hsa04919","Thyroid hormone signaling pathway",119,0.540952901939526,1.38791377939924,0.086,0.449940684746324,0.371254771915453,1636,"tags=18%, list=9%, signal=16%","10025/4854/477/482/113026/9440/5293/7157/5335/2308/208/53919/2033/25942/5578/5566/60/23389/3065/4853/6548",0.216542836735348
"hsa00410","beta-Alanine metabolism",31,-0.63926975391328,-1.38383908958018,0.050185873605948,0.385555555555556,0.318129355026464,643,"tags=13%, list=4%, signal=12%","51/1806/222/1807",0.276500599254472
"hsa03420","Nucleotide excision repair",57,0.596406049458559,1.38282850162645,0.0895522388059701,0.45035691109669,0.371598208337207,1528,"tags=16%, list=9%, signal=14%","57654/10714/5985/29935/5981/5111/5434/5439/1069",0.219250346703755
"hsa04926","Relaxin signaling pathway",127,0.535561954743116,1.38219187664382,0.0614754098360656,0.400785400785401,0.330695795245805,1733,"tags=16%, list=10%, signal=14%","59345/6654/1284/7423/6464/1386/4792/5293/25759/51764/208/1385/5578/5566/6300/468/10681/1281/2769/2775",0.261663521711573
"hsa05034","Alcoholism",103,0.541743086492823,1.38080220783484,0.0729166666666667,0.431340908246655,0.355907736147936,2060,"tags=22%, list=12%, signal=20%","59345/9759/6654/6464/1386/25759/627/2903/51764/79885/84152/1385/4915/5566/468/10681/3065/2775/814/116443/2902/4128/8520",0.241339976815091
"hsa04060","Cytokine-cytokine receptor interaction",279,0.492337130970914,1.37717029504514,0.0480364438094553,0.385555555555556,0.318129355026464,1003,"tags=10%, list=6%, signal=10%","7132/658/9180/1230/53342/3455/10673/3626/3566/58191/4283/8718/2826/57007/970/1524/9547/3460/9173/6347/9210/90865/84818/1438/7852/655/1436/8795",0.321775918075361
"hsa04518","Integrin signaling",149,0.526523298883623,1.37442402397461,0.0739219712525667,0.431340908246655,0.355907736147936,1349,"tags=17%, list=8%, signal=16%","3693/7450/718/894/1284/7423/3371/131873/5293/87/3911/208/2335/7058/64098/7412/255743/8440/5829/83706/55742/10319/60/9459/5159",0.237793834423688
"hsa04550","Signaling pathways regulating pluripotency of stem cells",134,0.529457850770392,1.37422528371652,0.0677618069815195,0.423433574942428,0.349383242316099,1230,"tags=13%, list=7%, signal=12%","7994/658/3626/79923/2261/7474/3720/4762/5293/8324/3397/208/3399/6300/7855/8322/5462",0.248911114434702
"hsa03060","Protein export",28,-0.63874662402461,-1.37383807254432,0.0852272727272727,0.449940684746324,0.371254771915453,4619,"tags=29%, list=26%, signal=21%","6729/3309/6728/55176/164153/6731/7917/58477",0.211400189384923
"hsa04070","Phosphatidylinositol signaling system",90,0.549938472399962,1.36273330855229,0.0918163672654691,0.455146849158825,0.375550478987614,958,"tags=7%, list=5%, signal=6%","5728/113026/5293/5335/160851/5578",0.208955027549354
"hsa04146","Peroxisome",82,-0.530526363205678,-1.36133409123446,0.0412071181558331,0.385555555555556,0.318129355026464,1178,"tags=13%, list=7%, signal=13%","225/84188/847/51/5194/23600/5192/8540/54677/570/7498",0.321775918075361
"hsa04215","Apoptosis - multiple species",29,0.650628486460918,1.35679774514126,0.112050739957717,0.494145569620253,0.407729078435817,1650,"tags=14%, list=9%, signal=13%","7132/836/10018/331",0.193813302725311
"hsa04932","Non-alcoholic fatty liver disease",143,0.510025852886877,1.35100138981113,0.0695067264573991,0.423433574942428,0.349383242316099,1512,"tags=9%, list=8%, signal=8%","6945/7132/5465/2081/5293/208/6720/836/6300/4695/468/10018/5564",0.257206466468838
"hsa05134","Legionellosis",52,0.591236047896875,1.34770105409575,0.113636363636364,0.494145569620253,0.407729078435817,1251,"tags=15%, list=7%, signal=14%","718/1915/929/4615/4792/836/834/1195",0.190023305279108
"hsa04151","PI3K-Akt signaling pathway",346,0.472182344716273,1.34456618937693,0.0469586653727553,0.385555555555556,0.318129355026464,1016,"tags=11%, list=6%, signal=10%","5728/3693/7450/59345/9180/3455/3566/1942/2252/6654/2261/894/1284/7423/3371/1386/131873/5293/7157/5523/627/5527/54541/3911/51764/208/5525/2335/7058/6446/1385/1026/4915/5578/1436/2668/7039",0.321775918075361
"hsa05412","Arrhythmogenic right ventricular cardiomyopathy",84,0.545107579220193,1.34365295384901,0.0838574423480084,0.449940684746324,0.371254771915453,447,"tags=5%, list=3%, signal=5%","1837/2697/3693/6640",0.224966093540314
"hsa05012","Parkinson disease",222,-0.46060186598899,-1.33684373113937,0.0193143183886955,0.375738885733907,0.310029430660522,3247,"tags=25%, list=18%, signal=21%","1537/10376/2771/5690/6389/7419/23516/11315/5685/10975/5692/57181/7386/5682/55967/6391/125965/6571/4724/7417/4731/3799/4129/64116/29986/84790/1339/4891/5567/79861/7384/2770/203068/55334/2774/10381/4723/29985/10382/347733/1813/283375/7277/9377/29796/5719/4708/10383/7280/3708/2861/27429/3710/51807/7846/817",0.352487857583619
"hsa00340","Histidine metabolism",21,-0.666359413429358,-1.33403719402773,0.102040816326531,0.494145569620253,0.407729078435817,2984,"tags=33%, list=17%, signal=28%","501/3034/4129/223/224/222/144193",0.190023305279108
"hsa05208","Chemical carcinogenesis - reactive oxygen species",186,0.505388771434413,1.32984806090543,0.0770712909441233,0.432927416167355,0.357216794555432,1305,"tags=9%, list=7%, signal=9%","5728/6654/9020/2944/115019/4792/5293/3162/208/2946/6648/5781/6300/2949/4695/23683/25",0.224966093540314
"hsa00120","Primary bile acid biosynthesis",17,-0.675725175689629,-1.32632799666381,0.122413793103448,0.508671238322401,0.419714488966042,567,"tags=12%, list=3%, signal=11%","23600/570",0.165656695205483
"hsa04914","Progesterone-mediated oocyte maturation",89,-0.509868511714715,-1.32256809135119,0.0546139359698682,0.385555555555556,0.318129355026464,3154,"tags=25%, list=18%, signal=20%","2771/246184/113/8697/51434/5296/5241/8900/5347/5567/51433/2770/673/3320/3326/4342/85417/3479/993/891/5140/699",0.266350657088526
"hsa00240","Pyrimidine metabolism",53,-0.547985419661408,-1.31969219664386,0.0818181818181818,0.449940684746324,0.371254771915453,1265,"tags=11%, list=7%, signal=11%","5167/221264/9583/1806/956/1807",0.211400189384923
"hsa04744","Phototransduction",26,-0.619107349176846,-1.31902722547068,0.109289617486339,0.494145569620253,0.407729078435817,1240,"tags=15%, list=7%, signal=14%","2978/5158/6011/9187",0.181383128498408
"hsa04380","Osteoclast differentiation",133,0.508340345488623,1.31467734884478,0.0894308943089431,0.45035691109669,0.371598208337207,2014,"tags=20%, list=11%, signal=17%","7132/3455/11027/9020/4792/5293/3460/54209/9846/2215/79168/208/7305/1385/2534/1436/3726/6300/2212/140885/7297/814/3459/23118/1147/1432",0.213927855492356
"hsa04392","Hippo signaling pathway - multiple species",28,0.622691901657497,1.30824739494448,0.145569620253165,0.531712191872085,0.438726025919241,1126,"tags=25%, list=6%, signal=23%","10413/25937/55233/7003/60485/1454/126374",0.16823816568964
"hsa04660","T cell receptor signaling pathway",117,0.521964891672096,1.30559957826199,0.110429447852761,0.494145569620253,0.407729078435817,1109,"tags=14%, list=6%, signal=13%","5788/84433/6654/9020/4792/5293/5335/5523/5527/208/5525/2534/8440/5781/6300/9402",0.191892240384838
"hsa04657","IL-17 signaling pathway",92,0.519872456601762,1.30387272781731,0.106339468302658,0.494145569620253,0.407729078435817,2110,"tags=22%, list=12%, signal=19%","1051/10758/53342/4792/7188/6347/6280/84818/836/6300/9618/132014/6279/4314/55540/3605/23118/1147/1432/7128",0.195789002148949
"hsa00360","Phenylalanine metabolism",15,-0.676969765725074,-1.30279279186944,0.141791044776119,0.52641559525164,0.434355701481121,2864,"tags=40%, list=16%, signal=34%","314/2806/4129/2805/1644/222",0.159646701919906
"hsa00760","Nicotinate and nicotinamide metabolism",36,0.590569017882335,1.3015781951096,0.126068376068376,0.508671238322401,0.419714488966042,725,"tags=14%, list=4%, signal=13%","93100/23411/27231/4907/22933",0.183023938384487
"hsa00531","Glycosaminoglycan degradation",18,-0.647886566688885,-1.28628377590734,0.142602495543672,0.52641559525164,0.434355701481121,981,"tags=22%, list=5%, signal=21%","8372/411/138050/3425",0.155241966228839
"hsa03273","Virion - Lassa virus and SFTS virus",15,-0.667849636808421,-1.28524158232493,0.154850746268657,0.548298050563509,0.452411339104418,1683,"tags=27%, list=9%, signal=24%","1605/10332/5099/3916",0.152144922367565
"hsa04650","Natural killer cell mediated cytotoxicity",121,0.495608769057154,1.28162560064389,0.113924050632911,0.494145569620253,0.407729078435817,1087,"tags=14%, list=6%, signal=13%","3455/6654/6464/5293/3460/5335/3135/25759/2215/3811/7305/80329/2534/5578/8795/5781/836",0.191892240384838
"hsa04613","Neutrophil extracellular trap formation",106,0.511956264200321,1.28109917384994,0.120408163265306,0.508671238322401,0.419714488966042,1454,"tags=16%, list=8%, signal=15%","7450/718/9759/2357/5293/5335/2215/208/79885/5578/6300/834/60/2212/51284/3065/1536",0.183023938384487
"hsa05166","Human T-cell leukemia virus 1 infection",218,0.46667079557467,1.27663010533459,0.0868761552680222,0.449940684746324,0.371254771915453,1275,"tags=9%, list=7%, signal=9%","5728/7132/894/9020/1386/4792/5293/7157/3135/4215/7538/208/2033/1385/1026/3119/5566/64784/468/3112",0.206587922696891
"hsa05220","Chronic myeloid leukemia",75,0.515710066043267,1.27656277470235,0.133333333333333,0.516945996275605,0.42654215199079,1453,"tags=17%, list=8%, signal=16%","6654/867/6464/4792/5293/7157/9846/25759/208/1026/5781/25/3065",0.175204047558551
"hsa00983","Drug metabolism - other enzymes",62,-0.524238198234814,-1.27337095995967,0.10958904109589,0.494145569620253,0.407729078435817,2121,"tags=15%, list=12%, signal=13%","2990/7084/7363/2938/79799/8824/1806/7498/1807",0.188204146308491
"hsa04371","Apelin signaling pathway",133,0.490022876126185,1.2673044376197,0.113821138211382,0.494145569620253,0.407729078435817,698,"tags=6%, list=4%, signal=6%","187/59345/4854/9759/4899/51764/10891/208",0.188204146308491
"hsa04980","Cobalamin transport and metabolism",16,-0.654490015738654,-1.26452269933223,0.174520069808028,0.571306266258356,0.471395863419635,3209,"tags=31%, list=18%, signal=26%","27249/7629/3054/7702/326625",0.137250779610133
"hsa05164","Influenza A",158,0.475055022510197,1.26395352804353,0.127659574468085,0.509170946441673,0.420126807811912,1390,"tags=14%, list=8%, signal=13%","7132/3455/4615/4792/3841/5293/3460/6347/90865/208/2033/3119/5578/8795/57506/836/10482/834/60/51284/3112/9407",0.172324344900946
"hsa04977","Vitamin digestion and absorption",23,0.620362220601029,1.26143557359557,0.170114942528736,0.566530612244898,0.467455378814397,2973,"tags=39%, list=17%, signal=33%","8029/337/5406/80704/6573/6948/113278/25974/151056",0.161978948883402
"hsa05145","Toxoplasmosis",105,0.501882967778816,1.26125649341823,0.137014314928425,0.522461178902897,0.431092835975995,2283,"tags=26%, list=13%, signal=23%","7132/4615/4792/3654/3460/3911/208/3119/836/6300/10319/3112/23643/331/7297/3126/2775/240/3459/3655/23118/23533/1147/1432/3123/3912/3587",0.170932335370056
"hsa00040","Pentose and glucuronate interconversions",21,0.63010035634825,1.2532786341682,0.198704103671706,0.571363948901676,0.471443458485641,1441,"tags=24%, list=8%, signal=22%","51084/57016/6120/7366/55277",0.143758989039275
"hsa00100","Steroid biosynthesis",19,-0.637792496119018,-1.24586525776126,0.196261682242991,0.571363948901676,0.471443458485641,3450,"tags=26%, list=19%, signal=21%","6307/50814/1718/6309/2222",0.133554954557592
"hsa03410","Base excision repair",42,0.554436928891858,1.24570346877353,0.183157894736842,0.571363948901676,0.471443458485641,2535,"tags=24%, list=14%, signal=20%","10714/5985/8930/5981/5111/55775/5425/11232/143/3980",0.148261500475107
"hsa04620","Toll-like receptor signaling pathway",99,0.489903208887768,1.24280515654745,0.149897330595483,0.5362306568725,0.442454298889449,2014,"tags=17%, list=11%, signal=15%","929/3455/4283/4615/4792/5293/3654/208/6300/51284/23643/6373/7297/114609/23118/1147/1432",0.163180127180689
"hsa04140","Autophagy - animal",163,0.46244646072832,1.23881711458309,0.141393442622951,0.52641559525164,0.434355701481121,1210,"tags=7%, list=7%, signal=7%","5728/89849/23710/2081/5293/54541/65082/11152/208/60673/5566/58476",0.16823816568964
"hsa05416","Viral myocarditis",65,0.521702898852384,1.23834744850099,0.158333333333333,0.549416666666667,0.453334330912712,1305,"tags=14%, list=7%, signal=13%","1837/6640/3135/2534/3119/836/60/3112/25",0.159646701919906
"hsa04512","ECM-receptor interaction",86,0.50910633417114,1.23794945326961,0.161554192229039,0.551844783715013,0.455337817308871,1100,"tags=14%, list=6%, signal=13%","3693/7450/1284/3371/131873/6385/3911/2335/7058/960/255743/10319",0.156312403073186
"hsa04150","mTOR signaling pathway",148,0.466719533741351,1.23236128787602,0.119834710743802,0.508671238322401,0.419714488966042,1117,"tags=10%, list=6%, signal=10%","5728/7132/6654/7474/8140/5293/8324/54541/208/6446/5578/6195/7855/83667/8322",0.184706471207739
"hsa05202","Transcriptional misregulation in cancer",166,0.460162224404401,1.22424435533783,0.130522088353414,0.514672325666302,0.424666102342282,1561,"tags=15%, list=9%, signal=14%","1051/929/894/604/4297/7157/2308/2521/171558/4298/4221/2118/1026/25942/5914/1436/862/5327/2078/221037/5328/64332/2892/3065/4005",0.173747838999571
"hsa04014","Ras signaling pathway",219,0.443225384301617,1.22121607336155,0.125498007968127,0.508671238322401,0.419714488966042,1349,"tags=14%, list=8%, signal=13%","59345/1942/2252/6654/5908/6789/2261/7423/6464/5293/5335/5321/9846/5900/25759/627/2903/51764/208/4915/5578/1436/5781/7039/255189/5566/25/10681/56924/5159",0.176694268938498
"hsa04960","Aldosterone-regulated sodium reabsorption",35,0.56947991419033,1.21957017113026,0.200883002207506,0.571363948901676,0.471443458485641,958,"tags=17%, list=5%, signal=16%","477/482/5293/3758/6446/5578",0.144630528034484
"hsa00603","Glycosphingolipid biosynthesis - globo and isoglobo series",15,-0.633146718481852,-1.21845763695292,0.216417910447761,0.581755424063116,0.480017665868334,1394,"tags=27%, list=8%, signal=25%","28/10690/2524/10317",0.126253987849115
"hsa01212","Fatty acid metabolism",48,0.538998591407892,1.21423048710326,0.196078431372549,0.571363948901676,0.471443458485641,1590,"tags=10%, list=9%, signal=10%","23205/79966/79993/2182/3033",0.14551614609036
"hsa00350","Tyrosine metabolism",36,-0.541294587529523,-1.21335907100627,0.189138576779026,0.571363948901676,0.471443458485641,2864,"tags=31%, list=16%, signal=26%","314/2806/7299/125/4129/2805/81889/1644/1312/222/7306",0.136490437780413
"hsa05140","Leishmaniasis",73,0.517762778961305,1.21144080649483,0.199143468950749,0.571363948901676,0.471443458485641,2120,"tags=23%, list=12%, signal=21%","718/1915/4615/4792/3654/3460/2215/3119/6300/2212/3112/1536/3126/3459/23118/1432/3123",0.142901149386948
"hsa05205","Proteoglycans in cancer",194,0.44917908382465,1.20817653050996,0.125954198473282,0.508671238322401,0.419714488966042,1707,"tags=19%, list=10%, signal=17%","3693/3059/79923/6654/7078/7474/867/5293/7157/5335/8324/6385/7430/10855/208/117581/2335/960/1026/1634/5578/5829/5781/5566/836/6300/7855/818/8322/60/60495/5328/2719/8323/6548/7475/3316",0.172324344900946
"hsa00380","Tryptophan metabolism",40,-0.526816382319993,-1.20408456632251,0.198915009041591,0.571363948901676,0.471443458485641,3072,"tags=35%, list=17%, signal=29%","23498/501/15/3620/4129/223/1738/224/2639/8942/847/121278/1644/1544",0.130105630751129
"hsa00514","Other types of O-glycan biosynthesis",42,0.535271711117778,1.20264324493763,0.214736842105263,0.581755424063116,0.480017665868334,1555,"tags=17%, list=9%, signal=15%","23127/117248/79623/8704/2589/26290/283464",0.135740943810425
"hsa00010","Glycolysis / Gluconeogenesis",64,-0.488443957200948,-1.20089584224895,0.171428571428571,0.566530612244898,0.467455378814397,3505,"tags=27%, list=20%, signal=21%","230/128/130589/5223/3101/501/3939/125/84532/223/5162/1738/5230/224/1737/80201/222",0.14551614609036
"hsa00230","Purine metabolism",114,-0.440474930766893,-1.20043269626916,0.134078212290503,0.516945996275605,0.42654215199079,2181,"tags=15%, list=12%, signal=13%","2272/2984/4882/10846/132/5631/5167/5158/51292/221264/9583/5147/5142/50940/5140/956/7498",0.16440575583821
"hsa05131","Shigellosis",214,0.44194711599881,1.19913805220925,0.149193548387097,0.5362306568725,0.442454298889449,1189,"tags=11%, list=7%, signal=11%","7132/718/929/3059/113026/4615/4792/5293/7157/5335/7188/2308/87/100132074/55072/11335/208/960/3099/5829/6300/1793/834/60",0.161978948883402
"hsa04920","Adipocytokine signaling pathway",68,0.507160109217781,1.19829941055872,0.19620253164557,0.571363948901676,0.471443458485641,1271,"tags=12%, list=7%, signal=11%","7132/23205/5465/4792/10891/208/5781/2182",0.142901149386948
"hsa03320","PPAR signaling pathway",73,0.511204277610691,1.19609548526196,0.209850107066381,0.580338137809402,0.478848235535182,1271,"tags=11%, list=7%, signal=10%","23205/5465/79966/10580/4023/376497/123/2182",0.13880510939114
"hsa05160","Hepatitis C",147,0.45342517421664,1.19214696909016,0.182902584493042,0.571363948901676,0.471443458485641,1087,"tags=9%, list=6%, signal=8%","7122/7132/3455/5465/6654/4792/5293/7157/10686/208/1026/57506/836",0.143758989039275
"hsa04662","B cell receptor signaling pathway",82,0.492842447997625,1.19170549141295,0.193293885601578,0.571363948901676,0.471443458485641,698,"tags=10%, list=4%, signal=9%","8519/84433/6654/11027/4792/5293/79168/208",0.13880510939114
"hsa05340","Primary immunodeficiency",36,0.539263352282958,1.18850362870382,0.217948717948718,0.581755424063116,0.480017665868334,1036,"tags=8%, list=6%, signal=8%","5788/100/64421",0.135740943810425
"hsa05163","Human cytomegalovirus infection",215,0.43369198457965,1.1770783547044,0.162213740458015,0.551844783715013,0.455337817308871,1324,"tags=11%, list=7%, signal=10%","7132/59345/1230/2768/6654/1386/4792/5293/7157/7188/6347/3135/51764/208/1385/7852/1026/5578/5829/5566/836/6300/468/10681",0.150169802128406
"hsa04670","Leukocyte transendothelial migration",107,0.456268794223019,1.16745552426843,0.200417536534447,0.571363948901676,0.471443458485641,1728,"tags=20%, list=10%, signal=18%","7122/1003/5908/5293/10686/5335/87/7430/10411/7852/7412/5578/5829/5781/6300/60/7294/1536/4636/5906/9071",0.140406238523342
"hsa04114","Oocyte meiosis",115,-0.426824569206451,-1.16073091233331,0.184804928131417,0.571363948901676,0.471443458485641,838,"tags=7%, list=5%, signal=7%","4342/8454/3479/3708/891/3710/817/699",0.14551614609036
"hsa03008","Ribosome biogenesis in eukaryotes",65,-0.474880228671727,-1.15789578979699,0.210727969348659,0.580338137809402,0.478848235535182,3458,"tags=28%, list=19%, signal=22%","57455/54464/10885/10799/25996/55272/10199/23195/51096/10813/28987/345630/55813/4931/55127/22803/10171/55781",0.130105630751129
"hsa00053","Ascorbate and aldarate metabolism",19,-0.592646225058923,-1.15767643306749,0.28411214953271,0.666127810053044,0.549634955387981,2984,"tags=37%, list=17%, signal=31%","501/55586/2990/223/7363/224/79799",0.107972360317345
"hsa04330","Notch signaling pathway",60,0.499426588984608,1.15353324073052,0.23982869379015,0.625718471768286,0.516292427857668,2551,"tags=32%, list=14%, signal=27%","4854/84441/9612/441478/171558/2033/9253/1840/342371/23493/3065/4853/6868/4855/7088/83464/8850/151636/1856",0.128788713061714
"hsa04010","MAPK signaling pathway",286,0.418363793185269,1.15235614239402,0.178571428571429,0.571363948901676,0.471443458485641,1090,"tags=12%, list=6%, signal=11%","7132/929/1942/2768/2252/6654/5908/6789/2261/7423/9020/4615/1386/3654/7157/9448/5321/627/4215/208/1616/5607/4915/5578/6195/1436/27091/2668/7039/255189/5566/836/6300",0.141225119642531
"hsa04519","Cadherin signaling",359,0.399161256829079,1.14983813923742,0.156603773584906,0.548904135696589,0.452911431684332,1698,"tags=13%, list=10%, signal=12%","2697/10413/2195/154810/25937/1003/55233/23500/7003/1006/7474/60485/7431/4792/23002/8324/87/1452/5098/10518/51466/2033/84152/4542/1009/6300/7855/8322/126374/60/2196/57216/1951/56129/144165/5159/375323/51474/1000/5100/10184/8323/56114/83439/7475",0.152144922367565
"hsa04921","Oxytocin signaling pathway",143,-0.416454033160857,-1.14975292461255,0.16726618705036,0.563508416567717,0.464961706637477,2002,"tags=11%, list=11%, signal=10%","5567/4882/5563/2770/340156/91807/5294/283748/783/55799/10645/3708/3710/817/4775/781",0.142901149386948
"hsa04370","VEGF signaling pathway",56,0.492883860285809,1.14945311737616,0.243353783231084,0.630177334187956,0.519971521584323,1090,"tags=16%, list=6%, signal=15%","5293/5335/5321/25759/208/5578/5829/255189/6300",0.124434168630393
"hsa04820","Cytoskeleton in muscle cells",227,0.417226422078371,1.14725088161819,0.185741088180113,0.571363948901676,0.471443458485641,1944,"tags=15%, list=11%, signal=14%","1837/3693/477/482/23500/1284/7431/131873/23002/56776/6640/6385/2335/29767/7058/272/1634/7273/7134/8572/1289/60/829/7171/4604/6711/1281/4636/3680/27295/7138/3655/1465/3339/4627",0.138022242496643
"hsa00601","Glycosphingolipid biosynthesis - lacto and neolacto series",28,-0.53335463789261,-1.14715738627015,0.274621212121212,0.661338564055479,0.545683255773452,2770,"tags=21%, list=16%, signal=18%","10402/53947/28/10690/2524/10317",0.11101149245045
"hsa05223","Non-small cell lung cancer",72,0.474030215066607,1.14555601349275,0.226611226611227,0.600260272015997,0.495286374253641,1016,"tags=12%, list=6%, signal=12%","6654/6789/5293/7157/5335/208/1026/5578/7039",0.130777137971974
"hsa00500","Starch and sucrose metabolism",29,-0.525522433827955,-1.14474492992834,0.274102079395085,0.661338564055479,0.545683255773452,1265,"tags=17%, list=7%, signal=16%","5167/5836/5837/2992/80201",0.11101149245045
"hsa05211","Renal cell carcinoma",65,0.479895720184201,1.13911124884281,0.239583333333333,0.625718471768286,0.516292427857668,1692,"tags=17%, list=9%, signal=15%","6654/5908/5293/208/2033/1026/5781/7039/56924/54583/5906",0.126875729929857
"hsa04218","Cellular senescence",152,0.431046344013552,1.13818838639788,0.205882352941176,0.576138519924099,0.475383049494005,698,"tags=6%, list=4%, signal=6%","5728/10758/894/5293/7157/3135/23411/2308/208",0.13880510939114
"hsa04360","Axon guidance",179,0.418601052213522,1.1357870188714,0.19758064516129,0.571363948901676,0.471443458485641,1607,"tags=17%, list=9%, signal=15%","658/3985/1942/25791/7474/5293/5335/5998/22885/55558/7852/23380/2044/2051/655/2534/5578/8440/5781/818/6586/59277/25/54910/56924/1949/9423/5364/1630/4636",0.13880510939114
"hsa05216","Thyroid cancer",37,0.509066541084499,1.1357081257457,0.280163599182004,0.661338564055479,0.545683255773452,3072,"tags=30%, list=17%, signal=25%","10342/7157/1026/7175/83439/5979/4609/5468/7170/10912/6256",0.114750719227023
"hsa05146","Amoebiasis",101,0.455594994488998,1.13485239179318,0.253012048192771,0.645552799433026,0.532658115698102,1100,"tags=12%, list=6%, signal=11%","5269/929/1284/5293/87/3911/2335/384/5578/5566/836/10319",0.120433371642259
"hsa00591","Linoleic acid metabolism",23,-0.551929495006603,-1.1305224943868,0.303350970017637,0.682919517758227,0.5634901185806,937,"tags=17%, list=5%, signal=16%","1557/283748/1544/246",0.10027910675413
"hsa04672","Intestinal immune network for IgA production",45,0.501709401238411,1.12747754926848,0.276507276507277,0.661338564055479,0.545683255773452,2120,"tags=22%, list=12%, signal=20%","10673/2826/9020/7852/3119/3112/56477/3126/10803/3123",0.116739204791222
"hsa04110","Cell cycle",153,-0.404742140182785,-1.1261966794534,0.204678362573099,0.576138519924099,0.475383049494005,1454,"tags=10%, list=8%, signal=9%","1032/4172/5925/1029/113130/85417/8454/1022/4088/993/545/891/7272/23047/699",0.133554954557592
"hsa01240","Biosynthesis of cofactors",130,-0.414528150278368,-1.12509754594294,0.216,0.581755424063116,0.480017665868334,2464,"tags=17%, list=14%, signal=15%","2729/1723/51805/6472/2990/84274/195814/7363/1738/224/79799/145226/221264/29926/8942/493911/112724/4351/10797/2730/2235/326625",0.131457611642763
"hsa00650","Butanoate metabolism",25,0.543078126869969,1.12274835762502,0.304157549234136,0.682919517758227,0.5634901185806,2035,"tags=20%, list=11%, signal=18%","2571/3155/3033/54988/7915",0.11378726182188
"hsa00565","Ether lipid metabolism",38,0.511490191897147,1.12012531860657,0.300865800865801,0.682919517758227,0.5634901185806,1048,"tags=11%, list=6%, signal=10%","79888/7941/5321/255189",0.11378726182188
"hsa04658","Th1 and Th2 cell differentiation",90,0.448998547977986,1.11260678699383,0.263473053892216,0.657734889932366,0.542709794470684,2236,"tags=22%, list=13%, signal=20%","4854/3566/84441/4792/3460/5335/3119/6300/3112/4853/7297/30009/3126/2625/3459/6778/1147/1432/3123/864",0.117249716749792
"hsa05410","Hypertrophic cardiomyopathy",97,0.438209422147749,1.10516689610179,0.26694045174538,0.661338564055479,0.545683255773452,1613,"tags=11%, list=9%, signal=10%","1837/3693/6640/7273/27091/7134/60/7171/5564/10368/3680",0.118287526124085
"hsa04072","Phospholipase D signaling pathway",140,0.428071039851339,1.10512669252392,0.271221532091097,0.661338564055479,0.545683255773452,1422,"tags=14%, list=8%, signal=13%","2768/6654/6464/5293/5335/5321/9846/5900/25759/10555/208/10411/160851/2534/5578/5781/255189/5159/56895",0.11776578836269
"hsa00515","Mannose type O-glycan biosynthesis",18,-0.554653205027498,-1.10118260751727,0.352941176470588,0.719006281626243,0.593266006254639,2090,"tags=22%, list=12%, signal=20%","55624/84197/84892/10690",0.0919686140000427
"hsa05120","Epithelial cell signaling in Helicobacter pylori infection",69,0.462860594687634,1.09973233293723,0.294478527607362,0.682919517758227,0.5634901185806,2014,"tags=20%, list=11%, signal=18%","5803/23545/9020/4792/5335/245972/10312/5781/836/6300/6868/102/1147/1432",0.11146266692298
"hsa04740","Olfactory transduction",118,-0.40811832802991,-1.09879396393011,0.251497005988024,0.645552799433026,0.532658115698102,2316,"tags=19%, list=13%, signal=17%","408/1261/138804/143503/5567/26219/8387/390058/83988/6543/2774/81697/144124/283297/7932/26689/26707/282775/26248/283160/26493/284521/817",0.120433371642259
"hsa00511","Other glycan degradation",15,-0.568640667266856,-1.0943191261808,0.376865671641791,0.726513266998342,0.599460165255091,1963,"tags=27%, list=11%, signal=24%","129807/4758/175/10825",0.0908241419007155
"hsa04210","Apoptosis",131,0.425269485156573,1.09268879608787,0.258196721311475,0.65397271748235,0.539605553129129,1743,"tags=16%, list=10%, signal=15%","7132/1512/9020/4792/2081/5293/7157/1520/9131/208/1616/1676/8795/5783/836/60/468/1508/10018/331/3563",0.120433371642259
"hsa05414","Dilated cardiomyopathy",102,0.437660615224918,1.09156620749499,0.278586278586279,0.661338564055479,0.545683255773452,1613,"tags=11%, list=9%, signal=10%","1837/3693/6640/7273/27091/5566/7134/60/7171/10368/3680",0.116234148779716
"hsa00220","Arginine biosynthesis",22,0.537672763562797,1.09014700727927,0.343680709534368,0.715849364028172,0.590661172411955,2372,"tags=36%, list=13%, signal=32%","2747/384/2752/790/162417/2744/84706/2746",0.106729884364606
"hsa05415","Diabetic cardiomyopathy",167,0.406300240401553,1.08794560059216,0.262833675564682,0.657734889932366,0.542709794470684,1155,"tags=5%, list=6%, signal=5%","5728/5465/5293/208/5578/6300/818/4695",0.119348440591015
"hsa03050","Proteasome",42,-0.460567621262619,-1.07633307016535,0.341555977229602,0.715849364028172,0.590661172411955,3844,"tags=31%, list=22%, signal=24%","5684/5693/5718/5686/5696/5690/5685/5692/5682/5699/10197/5719/23198",0.09754492162472
"hsa01522","Endocrine resistance",95,0.428134514799919,1.07572628217487,0.324752475247525,0.715849364028172,0.590661172411955,1090,"tags=11%, list=6%, signal=10%","4854/6654/6464/5293/7157/25759/208/1026/5566/6300",0.103197466945307
"hsa04922","Glucagon signaling pathway",98,-0.405999619130837,-1.07515722985816,0.296934865900383,0.682919517758227,0.5634901185806,1332,"tags=12%, list=7%, signal=11%","5261/5836/5837/1374/5207/3708/23235/5260/3710/5140/817/5257",0.106729884364606
"hsa03460","Fanconi anemia pathway",45,-0.455493692108204,-1.07251184905297,0.332053742802303,0.715849364028172,0.590661172411955,3981,"tags=31%, list=22%, signal=24%","2175/57697/672/4292/2176/9894/7398/51426/57599/2072/116028/83990/3280/545",0.0999276973731092
"hsa04012","ErbB signaling pathway",83,0.430555447729152,1.07223438868387,0.317124735729387,0.70539925191088,0.582038582541506,1347,"tags=17%, list=8%, signal=16%","6654/867/6464/5293/5335/25759/208/1026/5578/8440/7039/818/25/56924",0.108820126769161
"hsa05417","Lipid and atherosclerosis",202,0.399260139842289,1.07113674899069,0.305050505050505,0.682919517758227,0.5634901185806,1931,"tags=15%, list=11%, signal=13%","7132/929/5908/4615/4792/2081/5293/3654/7157/5335/6347/208/7412/6648/5578/337/8795/836/6300/818/834/468/5452/1536/23643/5906/114609/4314/23118/1147",0.108394255853397
"hsa04144","Endocytosis",230,-0.367944308841401,-1.06827512657054,0.272916666666667,0.661338564055479,0.545683255773452,3138,"tags=19%, list=18%, signal=16%","3134/9101/50855/163/2348/9265/3305/3577/22841/858/5156/1956/23362/116988/128866/26119/408/3799/868/273/60682/7456/23550/50807/57132/30844/2060/8976/3559/58513/138429/1211/10096/5868/6011/832/89853/4088/10564/27128/414189/9815/6643",0.11776578836269
"hsa03013","Nucleocytoplasmic transport",96,0.427997171656028,1.064217260778,0.346330275229358,0.715849364028172,0.590661172411955,1950,"tags=17%, list=11%, signal=15%","1915/9631/10921/3841/9984/57122/57187/8021/10482/7175/11269/55746/10250/10189/9972/4927",0.108394255853397
"hsa04962","Vasopressin-regulated water reabsorption",44,0.480289437109591,1.06275869126283,0.359477124183007,0.719006281626243,0.593266006254639,1069,"tags=11%, list=6%, signal=11%","361/397/1780/1385/5566",0.102821842840815
"hsa05110","Vibrio cholerae infection",47,0.467907324556873,1.06172952900569,0.346578366445916,0.715849364028172,0.590661172411955,1189,"tags=15%, list=7%, signal=14%","23545/5335/245972/10312/5578/5566/60",0.105920292736253
"hsa04966","Collecting duct acid secretion",26,0.504449114587849,1.06153513334143,0.34878587196468,0.716146139477775,0.590906047582366,936,"tags=15%, list=5%, signal=15%","23545/1188/245972/10312",0.105520936843198
"hsa05221","Acute myeloid leukemia",66,0.446343984581205,1.05784286063418,0.36231884057971,0.719006281626243,0.593266006254639,1108,"tags=11%, list=6%, signal=10%","929/6654/5293/208/5914/1436/862",0.0992333343771191
"hsa04213","Longevity regulating pathway - multiple species",58,0.458592351669793,1.05620209967509,0.345338983050847,0.715849364028172,0.590661172411955,1512,"tags=17%, list=8%, signal=16%","81570/5293/23411/2308/208/6648/5566/1979/3065/5564",0.103576326612592
"hsa05031","Amphetamine addiction",67,0.446891471898783,1.05360084150031,0.337448559670782,0.715849364028172,0.590661172411955,2051,"tags=22%, list=11%, signal=20%","1386/23411/2903/84152/1385/5578/5566/818/468/2892/3065/814/116443/2902/4128",0.103197466945307
"hsa03015","mRNA surveillance pathway",81,0.430296528169709,1.05222968999117,0.33265306122449,0.715849364028172,0.590661172411955,2134,"tags=19%, list=12%, signal=16%","23381/124540/10921/5523/5527/2521/8189/5525/80336/10482/11269/10250/10189/5526/53981",0.103576326612592
"hsa04727","GABAergic synapse",87,0.427008179584827,1.05044094938948,0.340471092077088,0.715849364028172,0.590661172411955,1733,"tags=11%, list=10%, signal=10%","59345/23710/2571/51764/5578/5566/10681/2752/9568/2775",0.105125131597001
"hsa04260","Cardiac muscle contraction",80,-0.411722944763276,-1.04926143883671,0.373776908023483,0.724584285386306,0.597868525173001,2165,"tags=20%, list=12%, signal=18%","4633/3270/1339/23439/7384/480/6543/486/4625/783/55799/9377/29796/84679/444/781",0.0940503465727813
"hsa04917","Prolactin signaling pathway",69,0.440354187922864,1.04625829885109,0.361963190184049,0.719006281626243,0.593266006254639,1090,"tags=12%, list=6%, signal=11%","6654/894/6464/5293/25759/208/3659/6300",0.0985499803531691
"hsa04020","Calcium signaling pathway",243,-0.361163792476878,-1.04539164600158,0.302325581395349,0.682919517758227,0.5634901185806,3618,"tags=24%, list=20%, signal=19%","84812/5153/774/7424/3358/5136/2253/136/7416/4773/4772/147/7419/113/1909/51196/185/5156/153/1956/26281/844/7417/4846/4842/3270/6870/5567/9630/219931/155/6869/148/6543/2321/2774/3791/5261/340156/552/27006/255231/91807/6865/2246/886/2065/1133/10800/2149/3708/444/5260/3710/57105/817/4775/5257",0.111918316325105
"hsa05169","Epstein-Barr virus infection",193,0.38941206988206,1.04425316194524,0.360236220472441,0.719006281626243,0.593266006254639,2120,"tags=17%, list=12%, signal=15%","3455/894/9020/7431/4615/9612/4792/5293/3654/7157/7188/3135/208/960/1026/25942/953/3119/57506/836/6300/3112/3065/55080/10018/7297/3126/23118/1147/1432/7128/3123",0.0965629554309422
"hsa04217","Necroptosis",123,0.400300764059095,1.04394174494723,0.346153846153846,0.715849364028172,0.590661172411955,1902,"tags=17%, list=11%, signal=15%","7132/3455/2747/3460/7188/5321/90865/55072/9131/2495/8795/2512/255189/818/834/1536/2752/331/7297/3459/6778",0.100633389423036
"hsa01524","Platinum drug resistance",69,0.439256854087925,1.04365109160088,0.3640081799591,0.719006281626243,0.593266006254639,1140,"tags=12%, list=6%, signal=11%","2944/5293/7157/208/2946/1026/836/2949",0.0982123351217438
"hsa00534","Glycosaminoglycan biosynthesis - heparan sulfate / heparin",24,0.503375016420762,1.03946053715062,0.404710920770878,0.744635193133047,0.614412917433086,365,"tags=8%, list=2%, signal=8%","126792/8509",0.0946646223153342
"hsa00620","Pyruvate metabolism",47,-0.446916365580091,-1.03710358543879,0.38615664845173,0.736243719850277,0.607488950329764,3312,"tags=34%, list=19%, signal=28%","3029/128/501/197257/3939/9380/125/2271/84532/223/5162/1738/4190/224/1737/51011",0.0880945010398517
"hsa04382","Cornified envelope formation",179,0.382039325911243,1.03658436779809,0.344758064516129,0.715849364028172,0.590661172411955,889,"tags=9%, list=5%, signal=9%","7122/6282/11240/1284/10686/6271/5523/6280/9517/5527/6274/3911/5525/6276/376497/6275",0.100633389423036
"hsa04622","RIG-I-like receptor signaling pathway",67,-0.418250596411347,-1.03538167143266,0.405038759689922,0.744635193133047,0.614412917433086,4464,"tags=33%, list=25%, signal=25%","56832/5970/3439/7187/3448/8717/5600/843/6885/3446/3445/9140/4790/3593/3456/3449/3576/3442/7186/1540/54941/3452",0.088894528862045
"hsa00430","Taurine and hypotaurine metabolism",16,-0.535342828978709,-1.03432159832767,0.424083769633508,0.76285894145562,0.629449685070037,43,"tags=6%, list=0%, signal=6%","570",0.0806388495950661
"hsa04924","Renin secretion",65,0.435167251571236,1.03294088807988,0.372916666666667,0.724584285386306,0.597868525173001,10,"tags=2%, list=0%, signal=2%","358",0.0978773277424561
"hsa04973","Carbohydrate digestion and absorption",38,0.470986074006183,1.03142432555485,0.406926406926407,0.744635193133047,0.614412917433086,953,"tags=13%, list=5%, signal=12%","477/482/5293/208/3099",0.0949751525905595
"hsa00830","Retinol metabolism",49,-0.439280631555151,-1.02999371050239,0.440585009140768,0.772136354403265,0.637104658146733,2578,"tags=24%, list=14%, signal=21%","125/157506/195814/7363/8854/50700/79799/145226/1562/8608/112724/1544",0.0810802057550866
"hsa04517","IgSF CAM signaling",282,-0.347419786777066,-1.02648463249673,0.372294372294372,0.724584285386306,0.597868525173001,1976,"tags=15%, list=11%, signal=14%","51735/3690/351/114798/10298/117178/79861/3556/203068/10381/3791/340156/5588/23136/8655/941/91807/9223/10382/347733/7082/8976/10332/7277/5376/5062/10096/50848/3736/10383/140735/5962/7280/22829/57863/3689/57731/7225/51807/7846/10458/57522/8500",0.10027910675413
"hsa04612","Antigen processing and presentation",69,0.431072528552398,1.02420556627856,0.380368098159509,0.729213978239501,0.601688574398424,1706,"tags=14%, list=10%, signal=13%","972/3135/1520/3811/1385/3119/3112/1508/55080/3126",0.0956031492204301
"hsa00190","Oxidative phosphorylation",97,-0.387026319834856,-1.0231731806209,0.388349514563107,0.736378587723487,0.607600232423615,4879,"tags=39%, list=27%, signal=29%","6390/4704/51382/7385/535/4716/1351/7381/4717/4705/1350/1349/6392/54539/5464/1537/27068/6389/534/10975/7386/55967/6391/125965/4724/9550/4731/90423/1339/525/7384/4723/127124/1353/50617/9377/29796/4708",0.0913924325943768
"hsa00310","Lysine degradation",58,0.443408090678962,1.02123063039058,0.39406779661017,0.743160464259396,0.613196090081868,306,"tags=9%, list=2%, signal=9%","23127/23067/8424/5352/4297",0.0956031492204301
"hsa04950","Maturity onset diabetes of the young",24,-0.483551031802446,-1.02091563650659,0.424299065420561,0.76285894145562,0.629449685070037,934,"tags=21%, list=5%, signal=20%","5078/4825/3280/50674/3174",0.0843144320642653
"hsa05226","Gastric cancer",144,0.38703118092638,1.0202332774402,0.36468330134357,0.719006281626243,0.593266006254639,1698,"tags=12%, list=10%, signal=11%","2252/6654/7474/6464/5293/7157/8324/25759/1452/208/1026/83998/7855/8322/5243/8323/83439/7475",0.0943563635421779
"hsa04540","Gap junction",83,-0.391601781728668,-1.01042231336886,0.43289224952741,0.769482191464094,0.634914656908761,2106,"tags=20%, list=12%, signal=18%","84790/5567/79861/2770/203068/10381/10382/347733/1813/7082/7277/10383/7280/3708/3710/51807/7846",0.0838361057159929
"hsa04080","Neuroactive ligand-receptor interaction",349,-0.332063462081511,-1.01034366342716,0.403118040089087,0.744635193133047,0.614412917433086,2242,"tags=16%, list=13%, signal=14%","55584/114131/2743/2563/1143/6870/1140/2846/4985/165829/10911/3953/6866/155/6869/148/5031/7200/1395/113091/134864/552/4887/5029/134/3350/130574/4543/1813/6865/2912/2150/886/80763/27346/399967/9170/117/1133/3354/10874/2797/5367/160065/8698/6753/10800/1442/2149/2740/2900/51083/51738/57105/57053/1815",0.0972150808846466
"hsa04015","Rap1 signaling pathway",200,0.370547964177994,1.0042506143558,0.436758893280632,0.769482191464094,0.634914656908761,2085,"tags=16%, list=12%, signal=14%","1942/2252/5908/2261/2357/7423/5293/5335/5900/2903/3397/208/10411/51466/5578/1436/6300/60/5028/23683/54518/5159/5587/9771/5906/2775/1432/8074/2902/7010/9564",0.0857844408075645
"hsa05210","Colorectal cancer",85,0.409010839153868,1.00240760880298,0.407725321888412,0.744635193133047,0.614412917433086,1688,"tags=13%, list=9%, signal=12%","6654/5293/7157/5900/208/1026/7039/836/10018/1630/83439",0.0943563635421779
"hsa05170","Human immunodeficiency virus 1 infection",197,0.369835697640141,1.00187006493288,0.414872798434442,0.753721785637442,0.621910440866891,1090,"tags=10%, list=6%, signal=9%","7132/59345/3985/4615/4792/5293/3654/5335/7188/3135/51764/85363/208/7852/5578/5829/8906/836/6300",0.0880945010398517
"hsa04216","Ferroptosis",40,0.441904027909716,0.997996739283731,0.452115812917595,0.780504087753174,0.644009036971736,1487,"tags=22%, list=8%, signal=21%","23657/7157/7037/3162/2495/2512/2182/1536/30061",0.0905428948469474
"hsa00900","Terpenoid backbone biosynthesis",22,-0.485981741788752,-0.995482166460751,0.484573502722323,0.812304374128725,0.670248069060727,5307,"tags=45%, list=30%, signal=32%","79947/4598/3158/39/3422/116150/51449/9986/9453/2224",0.0756946307932749
"hsa05320","Autoimmune thyroid disease",48,-0.419262175252025,-0.990558641373996,0.475138121546961,0.800354020275707,0.660387600682517,3405,"tags=25%, list=19%, signal=20%","3565/355/3134/3446/5551/3445/3113/3449/941/3442/3452/3111",0.0774767547848578
"hsa03010","Ribosome",149,0.378921375412545,0.989127437795713,0.404517453798768,0.744635193133047,0.614412917433086,2982,"tags=22%, list=17%, signal=19%","6157/6218/64969/51069/6203/6223/6136/90480/6209/6160/6222/25873/6191/6141/6227/6173/64975/64981/6123/6164/11224/51187/6217/29093/6161/116541/6206/6167/28977/6171/6233/124995/6201",0.0922597260527354
"hsa04630","JAK-STAT signaling pathway",162,0.375679233419521,0.987670832794569,0.436853002070393,0.769482191464094,0.634914656908761,1917,"tags=14%, list=11%, signal=12%","9180/3455/3566/6654/894/5293/3460/208/1438/2033/2670/9063/1026/5781/5159/163702/7297/3563/58985/3459/6778/2688",0.0883594442500905
"hsa04910","Insulin signaling pathway",133,-0.36574781040341,-0.986399019708289,0.488235294117647,0.814507918552036,0.672066256235206,2108,"tags=14%, list=12%, signal=12%","868/1399/5567/1977/5563/673/5261/5836/6009/5837/10211/80201/122809/5507/5260/5140/5257/9470",0.0793434960134973
"hsa04810","Regulation of actin cytoskeleton",223,0.357716014970947,0.986186177722543,0.46124763705104,0.788438079097098,0.65055552686835,1710,"tags=12%, list=10%, signal=11%","3693/3985/2768/2252/6654/85477/2261/5293/87/730/7430/2245/208/2335/7852/5829/1793/60/9459/56924/5159/4636/3680/6548/1129/8395",0.080419996876154
"hsa04350","TGF-beta signaling pathway",104,0.394722618262808,0.983389714854832,0.445328031809145,0.772644135188867,0.637523637905917,998,"tags=11%, list=6%, signal=10%","658/3626/4092/57817/7037/3397/2033/655/25942/1634/3399",0.0850427463764322
"hsa04710","Circadian rhythm",30,0.466915040827777,0.982965418947658,0.474835886214442,0.800354020275707,0.660387600682517,1764,"tags=23%, list=10%, signal=21%","6096/1385/1454/5564/6097/9975/79365",0.086794975677172
"hsa04621","NOD-like receptor signaling pathway",171,0.36280812674202,0.981354000659077,0.454356846473029,0.780504087753174,0.644009036971736,1165,"tags=10%, list=7%, signal=9%","10628/2634/3455/23710/2635/4615/4792/7188/6347/56919/55072/22900/10910/7205/57506/6300/834",0.0862865626267245
"hsa04066","HIF-1 signaling pathway",106,0.391709038483878,0.980197256449419,0.43469387755102,0.769482191464094,0.634914656908761,1481,"tags=16%, list=8%, signal=15%","7076/5293/3460/5335/7037/3162/208/2033/5163/1026/3099/5578/818/2872/160287/1536/54583",0.0878312634480124
"hsa05162","Measles",126,0.386631447951149,0.973106617533309,0.445109780439122,0.772644135188867,0.637523637905917,1931,"tags=12%, list=11%, signal=11%","3455/894/4615/4792/5293/3654/7157/208/57506/836/51284/6504/7297/23118/1147",0.0852884689790502
"hsa00563","Glycosylphosphatidylinositol (GPI)-anchor biosynthesis",28,0.46118561050852,0.968930014871968,0.464135021097046,0.789484570199388,0.651419006941755,1964,"tags=18%, list=11%, signal=16%","27315/9488/84720/93183/54965",0.0860347242455604
"hsa00630","Glyoxylate and dicarboxylate metabolism",29,-0.444260498431306,-0.967732146927082,0.519848771266541,0.84293235340883,0.695519807863981,2985,"tags=24%, list=17%, signal=20%","189/9380/6472/84532/1738/4190/847",0.0741758965588009
"hsa00062","Fatty acid elongation",20,0.481280097418365,0.966698839516093,0.494331065759637,0.820731482385618,0.677201439271255,2603,"tags=25%, list=15%, signal=21%","79993/3033/11332/122970/60481",0.0865399737444125
"hsa04141","Protein processing in endoplasmic reticulum",159,-0.345608237083636,-0.960249202792639,0.547667342799189,0.871952855328814,0.71946518596921,2878,"tags=14%, list=16%, signal=12%","3305/55432/165324/26232/23640/29979/10905/3301/85479/51009/51619/3320/79748/51360/7322/3326/22824/10277/3703/7186/5589/8454/100506742",0.0751181635276302
"hsa05014","Amyotrophic lateral sclerosis",316,-0.317948142762731,-0.958021428319867,0.581780538302277,0.876136199682585,0.722916944404388,3570,"tags=22%, list=20%, signal=18%","196385/23165/5718/54539/5686/7416/2882/596/2890/4744/1537/10376/5690/5217/6389/9896/55062/5685/10975/9001/26100/5692/7386/146754/8480/5682/55967/6391/125965/4724/5608/4731/29979/3799/23636/4842/9217/84790/1339/55860/6432/79861/7384/203068/10381/4723/3084/10382/347733/11273/7277/847/7186/9377/5868/4747/10121/29796/9782/23279/5719/81929/4708/10383/55102/7280/23511/3710/51807/7846/100506742",0.0730744399126987
"hsa04081","Hormone signaling",213,-0.33550828027277,-0.954938017659269,0.555335968379447,0.871952855328814,0.71946518596921,2881,"tags=20%, list=16%, signal=17%","4880/7066/269/185/2692/153/5296/1394/2056/4842/114131/2984/5567/3690/4882/9630/4985/3953/2770/155/148/7200/1395/552/1813/1734/10266/6777/886/2797/5367/4093/2057/54331/3479/6753/2099/1442/2740/51738/1815/6794",0.0730744399126987
"hsa00730","Thiamine metabolism",13,0.525248913124579,0.954354909823786,0.515765765765766,0.84293235340883,0.695519807863981,802,"tags=8%, list=4%, signal=7%","26289",0.0838361057159929
"hsa05132","Salmonella infection",240,-0.327316983972993,-0.95328006083175,0.592213114754098,0.876136199682585,0.722916944404388,2253,"tags=19%, list=13%, signal=17%","3799/4646/388/4633/84790/55860/1783/58498/4790/10787/79861/9648/5286/79443/203068/197259/79792/10381/3320/26999/3576/3326/79659/60412/8655/5294/113146/10382/347733/8976/7277/10454/10096/7186/5868/10121/3840/10383/55770/140735/7280/93408/27128/51807/7846/51143",0.0716527366829457
"hsa04145","Phagocytosis",236,0.345478980506983,0.950379455494924,0.51434034416826,0.84293235340883,0.695519807863981,1458,"tags=11%, list=8%, signal=11%","3693/718/929/4481/23545/89849/23710/1780/5293/3135/1520/2215/65082/7058/245972/10312/9146/3119/8547/60/2212/6993/3112/1508/84617/1536/83658",0.0753093764172773
"hsa04625","C-type lectin receptor signaling pathway",99,0.37456763290306,0.950217465822598,0.503080082135524,0.831279945242984,0.685905180241863,1165,"tags=11%, list=7%, signal=10%","53342/9020/4792/5293/208/3659/338339/5781/1263/6300/834",0.0802023444698144
"hsa05022","Pathways of neurodegeneration - multiple diseases",423,-0.310400099998135,-0.948074439756016,0.636971046770601,0.891631660242807,0.735702548976363,3424,"tags=18%, list=19%, signal=15%","7416/11211/355/2882/596/2890/4744/1537/10376/5690/7482/6389/7419/9896/55062/11315/5685/10975/9001/26100/5692/7386/146754/5682/55967/6391/125965/23401/4724/5608/7417/4731/3799/4842/9217/55081/84790/1339/55860/4790/351/79861/7384/203068/673/10381/4723/54361/10382/347733/27035/11273/7277/81029/847/80326/1133/7186/9377/5868/4747/5663/10121/29796/5719/4708/10383/55102/5664/7280/3708/2861/27429/3710/51807/7846/817/100506742",0.0721797965581253
"hsa05016","Huntington disease",263,-0.321560821322105,-0.944612041494253,0.603271983640082,0.876136199682585,0.722916944404388,3844,"tags=24%, list=22%, signal=19%","5684/5693/1349/160/6392/774/196385/5718/54539/5686/5441/7416/2882/2890/1537/10376/5690/6389/7419/163/55062/5685/10975/9001/26100/5692/7386/146754/5682/84699/55967/6391/125965/4724/7417/4731/3799/55081/84790/1339/55860/79861/7384/203068/10381/4723/10382/347733/5430/7277/1211/7186/9377/10121/29796/5719/4708/10383/55102/7280/3708/51807/7846",0.0706196247122591
"hsa00520","Amino sugar and nucleotide sugar metabolism",35,-0.416954410098382,-0.944533696376002,0.551912568306011,0.871952855328814,0.71946518596921,1843,"tags=14%, list=10%, signal=13%","80146/2585/29926/80201/4351",0.0692836467392548
"hsa00790","Folate biosynthesis",23,0.464350260634198,0.944203108959246,0.524137931034483,0.845934242181235,0.697996724420534,146,"tags=4%, list=1%, signal=4%","57016",0.0840745577910724
"hsa03250","Viral life cycle - HIV-1",58,0.407329569170089,0.938136767110707,0.538135593220339,0.864504865034526,0.713319704949876,2980,"tags=22%, list=17%, signal=19%","29969/85363/2033/4298/7852/9146/9972/4300/5903/8850/140564/4600/2648",0.0782955249944794
"hsa00590","Arachidonic acid metabolism",51,-0.392029677531676,-0.933360253961798,0.582887700534759,0.876136199682585,0.722916944404388,1842,"tags=12%, list=10%, signal=11%","9536/239/6916/1557/283748/246",0.0655321029282414
"hsa04611","Platelet activation",118,0.374688073154603,0.931463684990625,0.518962075848303,0.84293235340883,0.695519807863981,2230,"tags=19%, list=12%, signal=16%","7450/5908/5293/5321/208/2534/255189/83706/5566/6300/60/2212/5028/54518/1281/5906/6786/2244/23533/1432/4638/2776",0.0770736734944102
"hsa00604","Glycosphingolipid biosynthesis - ganglio series",14,0.493980483975974,0.931222966913588,0.559071729957806,0.873864370699814,0.721042414317594,72,"tags=7%, list=0%, signal=7%","9197",0.0760837160951725
"hsa04750","Inflammatory mediator regulation of TRP channels",90,-0.356858454303079,-0.929120744062676,0.580838323353293,0.876136199682585,0.722916944404388,2120,"tags=17%, list=12%, signal=15%","51393/5567/51802/3556/239/5588/5029/162514/8989/2150/283748/3479/3708/3710/817",0.0713052987340038
"hsa04923","Regulation of lipolysis in adipocytes",55,-0.383546364353207,-0.926315042821988,0.572477064220184,0.876136199682585,0.722916944404388,4261,"tags=35%, list=24%, signal=26%","3630/4852/196883/2778/51099/1081/5291/2167/2773/2771/113/153/5296/57104/5567/2770/155/134/5140",0.0678338263479455
"hsa00280","Valine, leucine and isoleucine degradation",47,0.406824515100235,0.92312639306171,0.562913907284768,0.875924331066433,0.722742127506445,1718,"tags=13%, list=10%, signal=12%","593/587/3155/11112/3033/5095",0.0780892306943345
"hsa00510","N-Glycan biosynthesis",53,0.404496484906822,0.922244123236239,0.553097345132743,0.871952855328814,0.71946518596921,1024,"tags=8%, list=6%, signal=7%","4248/79796/7841/8704",0.0791316651768349
"hsa04514","Cell adhesion molecule (CAM) interaction",146,0.351494726742391,0.922117831136685,0.574468085106383,0.876136199682585,0.722916944404388,1847,"tags=12%, list=10%, signal=11%","7122/5788/1003/9379/10686/3135/6385/7412/3119/3112/1000/23114/3680/3126/5802/9071/257194/3655",0.0702812841717392
"hsa01250","Biosynthesis of nucleotide sugars",34,-0.41402088454106,-0.921097305110109,0.575438596491228,0.876136199682585,0.722916944404388,1843,"tags=15%, list=10%, signal=13%","80146/2585/29926/80201/4351",0.0653834195468773
"hsa05030","Cocaine addiction",49,0.409934401519713,0.918940399580244,0.553846153846154,0.871952855328814,0.71946518596921,2051,"tags=22%, list=11%, signal=20%","1386/627/2903/84152/1385/5566/468/1742/116443/2902/4128",0.0787113806986485
"hsa00330","Arginine and proline metabolism",44,-0.396942965380134,-0.917855510952549,0.602209944751381,0.876136199682585,0.722916944404388,2984,"tags=25%, list=17%, signal=21%","501/2806/4846/4842/4129/2805/223/1158/224/113451/8659",0.0655321029282414
"hsa05130","Pathogenic Escherichia coli infection",188,0.346581011524849,0.916108936959529,0.620408163265306,0.889814153911228,0.734202889306853,1305,"tags=11%, list=7%, signal=10%","7122/7132/3059/2768/4615/4792/3654/10686/7430/4542/2534/8440/8795/5781/836/6300/834/60/2212/25",0.069119845655101
"hsa04211","Longevity regulating pathway",88,-0.355310748728369,-0.91391719457637,0.622568093385214,0.889814153911228,0.734202889306853,2002,"tags=15%, list=11%, signal=13%","5567/4790/1977/5563/27244/6009/847/79813/10645/3479/10919/9470/6794",0.0665892104103933
"hsa05207","Chemical carcinogenesis - receptor activation",180,0.34064147125662,0.912971375415413,0.598409542743539,0.876136199682585,0.722916944404388,1650,"tags=11%, list=9%, signal=10%","5465/2252/6654/604/1386/2944/3841/5293/208/2946/1385/5578/6195/5566/2949/468/7366/4853/331",0.0696133438850965
"hsa04520","Adherens junction",84,0.370334719386807,0.912849790730804,0.580712788259958,0.876136199682585,0.722916944404388,1692,"tags=14%, list=9%, signal=13%","1003/5908/10580/5787/87/2033/2534/4008/60/4636/83439/5906",0.0738052724171275
"hsa04530","Tight junction",156,0.345861455985413,0.907731976805694,0.631027253668763,0.891631660242807,0.735702548976363,803,"tags=6%, list=4%, signal=6%","7122/3059/5872/154810/10686/87/7430/8189/5111/79778",0.0696133438850965
"hsa04022","cGMP-PKG signaling pathway",158,-0.323053686359205,-0.904128100844221,0.701030927835051,0.899699781659389,0.742359712193305,3154,"tags=22%, list=18%, signal=18%","2771/4772/147/7419/113/1909/5581/4880/6093/185/153/84699/7417/4846/4882/23439/4985/480/2770/155/148/6543/340156/486/134/91807/5294/4625/2969/3708/3710/5140/7225/4775",0.0636424081651019
"hsa04726","Serotonergic synapse",106,-0.341527228422951,-0.904094166934791,0.66015625,0.891631660242807,0.735702548976363,2177,"tags=16%, list=12%, signal=14%","4129/5567/351/2770/239/673/1562/3350/1557/283748/121278/1644/3354/54331/246/3708/3710",0.0639271933359996
"hsa04925","Aldosterone synthesis and secretion",94,0.367036854460385,0.90255162167419,0.601239669421488,0.876136199682585,0.722916944404388,1819,"tags=14%, list=10%, signal=12%","477/482/1386/1385/5578/5566/818/468/23683/4929/5587/8912/814",0.0713052987340038
"hsa00860","Porphyrin metabolism",31,-0.416546060298336,-0.901704980288579,0.631970260223048,0.891631660242807,0.735702548976363,2265,"tags=19%, list=13%, signal=17%","645/2990/7363/79799/2235/326625",0.0636424081651019
"hsa00564","Glycerophospholipid metabolism",86,0.369987705864805,0.899666822919244,0.588957055214724,0.876136199682585,0.722916944404388,1877,"tags=15%, list=11%, signal=14%","79888/5321/64850/10555/11313/160851/255189/10908/56895/1103/51365/150763/5338",0.0718276293603809
"hsa03083","Polycomb repressive complex",79,-0.355663848089907,-0.899326180241957,0.65625,0.891631660242807,0.735702548976363,2079,"tags=18%, list=12%, signal=16%","1912/10600/3054/8473/10138/64319/51619/7322/84759/221937/23269/84108/26147/55252",0.0613026075396207
"hsa04935","Growth hormone synthesis, secretion and action",119,0.347990858755722,0.892834304502973,0.612,0.88485,0.730106869785736,1253,"tags=12%, list=7%, signal=11%","6654/6464/1386/5293/5335/25759/208/2033/1385/5578/3726/5566/6300/468",0.0687943095604775
"hsa04142","Lysosome biogenesis",233,0.32802054849345,0.89233595565953,0.658349328214971,0.891631660242807,0.735702548976363,1083,"tags=8%, list=6%, signal=8%","1512/23431/114879/23545/427/6556/57192/5476/1520/23461/65082/9179/79036/22901/28962/245972/10312/1213/8906",0.0632191170859458
"hsa03040","Spliceosome",127,-0.330678875095287,-0.889665582790007,0.733463035019455,0.912228219181903,0.752697168601588,2878,"tags=18%, list=16%, signal=15%","3305/8896/55696/9879/27258/9716/10992/6434/55110/6432/10915/10772/3192/9092/8563/6426/6635/5093/10291/51645/58517/10084/9410",0.0587185879555941
"hsa04742","Taste transduction",74,-0.357194034560937,-0.889005038366425,0.662942271880819,0.891631660242807,0.735702548976363,3653,"tags=22%, list=20%, signal=17%","255022/5153/5136/2914/6340/50831/2558/3352/50835/5567/6326/3350/3354/9033/50833/3710",0.0614364107201271
"hsa04929","GnRH secretion",63,-0.356201279472397,-0.887768893719504,0.653256704980843,0.891631660242807,0.735702548976363,697,"tags=6%, list=4%, signal=6%","2797/3782/3708/3710",0.0635007968065945
"hsa03082","ATP-dependent chromatin remodeling",85,0.36208294872564,0.887396293876359,0.598712446351931,0.876136199682585,0.722916944404388,2072,"tags=16%, list=12%, signal=15%","57492/53615/1108/6601/11176/1107/11177/60/3065/55274/9219/9274/57504/54617",0.0734381410838857
"hsa04640","Hematopoietic cell lineage",94,-0.337447462590718,-0.887009730559659,0.700772200772201,0.899699781659389,0.742359712193305,2314,"tags=18%, list=13%, signal=16%","290/2056/925/1378/3690/3673/3113/2993/2209/3559/3568/4311/2057/928/3111/1791/2322",0.0605092988656667
"hsa00071","Fatty acid degradation",42,0.393667073413735,0.884487330008037,0.587368421052632,0.876136199682585,0.722916944404388,1725,"tags=12%, list=10%, signal=11%","23205/2182/3033/130/1632",0.0734381410838857
"hsa03018","RNA degradation",68,-0.356511503459661,-0.883439396119704,0.691287878787879,0.899699781659389,0.742359712193305,930,"tags=7%, list=5%, signal=7%","22803/54766/56915/3329/140886",0.0602484086158019
"hsa04725","Cholinergic synapse",109,0.35266875713625,0.88321334563214,0.645435244161359,0.891631660242807,0.735702548976363,1916,"tags=16%, list=11%, signal=14%","59345/5293/51764/208/1385/2534/5578/5566/818/468/8973/10681/1103/1129/2775/814/23533",0.069119845655101
"hsa00640","Propanoate metabolism",31,0.419542465290467,0.882806154094986,0.603448275862069,0.876136199682585,0.722916944404388,1718,"tags=19%, list=10%, signal=18%","8801/593/79611/23417/160287/5095",0.0732558655828455
"hsa05231","Choline metabolism in cancer",92,0.351978558662153,0.88278430139565,0.652351738241309,0.891631660242807,0.735702548976363,1349,"tags=12%, list=8%, signal=11%","6654/5293/5335/5321/5900/208/160851/57153/5578/255189/5159",0.0667426134241917
"hsa01232","Nucleotide metabolism",75,-0.353727740644298,-0.881622051306205,0.676245210727969,0.899699781659389,0.742359712193305,1500,"tags=9%, list=8%, signal=9%","132/5167/51292/221264/9583/956/7498",0.0618406035753285
"hsa00020","Citrate cycle (TCA cycle)",30,-0.404812252060327,-0.88144996855021,0.651376146788991,0.891631660242807,0.735702548976363,2529,"tags=33%, list=14%, signal=29%","6391/2271/3420/5162/1738/4190/1737/8803/8802/3419",0.0615706755421678
"hsa04310","Wnt signaling pathway",169,0.32772748644832,0.881083276473952,0.715648854961832,0.908051757646016,0.749251089312729,1306,"tags=13%, list=7%, signal=12%","23500/894/7474/84133/23002/7157/8324/59352/23411/1452/79718/2033/5578/1454/5566/7855/818/8322/147495/57216/1951/144165",0.0589694466690997
"hsa04918","Thyroid hormone synthesis",73,0.373561305801577,0.874043921201497,0.65524625267666,0.891631660242807,0.735702548976363,1253,"tags=11%, list=7%, signal=10%","477/482/1386/2876/1385/5578/5566/468",0.0687943095604775
"hsa05217","Basal cell carcinoma",60,0.378043682041465,0.873173281722151,0.623126338329764,0.889814153911228,0.734202889306853,1698,"tags=17%, list=10%, signal=15%","7474/7157/8324/1026/7855/8322/8323/51684/83439/7475",0.0713052987340038
"hsa04728","Dopaminergic synapse",127,0.338156376701982,0.872722553895702,0.655737704918033,0.891631660242807,0.735702548976363,1438,"tags=13%, list=8%, signal=12%","59345/1386/5523/5527/2903/51764/208/5525/84152/1385/5578/5566/6300/818/468/10681/2892",0.0665892104103933
"hsa03272","Virion - Hepatitis viruses",43,-0.374623300771304,-0.871963760760906,0.693989071038251,0.899699781659389,0.742359712193305,261,"tags=9%, list=1%, signal=9%","928/1366/3916/9076",0.0582216241124161
"hsa04270","Vascular smooth muscle contraction",123,-0.321614972499287,-0.86967570396284,0.795275590551181,0.943151978624407,0.778212961344509,4162,"tags=23%, list=23%, signal=18%","5500/10398/196883/2778/5332/2977/30814/5580/136/147/113/1909/5581/4880/6093/185/5567/4882/148/673/340156/5588/552/91807/10266/283748/3708/3710",0.0554793308704233
"hsa05010","Alzheimer disease",336,0.30801762119952,0.868622593105543,0.792114695340502,0.943151978624407,0.778212961344509,1614,"tags=8%, list=9%, signal=7%","348/7132/25825/7474/2081/5293/5695/8324/4023/1452/2903/208/1454/60673/836/7855/8322/4695/468/3416/84617/1536/221074/4035/22863/8323/6868",0.0513223330421143
"hsa00561","Glycerolipid metabolism",55,-0.359475509769209,-0.868180755113803,0.689908256880734,0.899699781659389,0.742359712193305,2179,"tags=20%, list=12%, signal=18%","57104/223/5408/1606/8513/224/2710/80339/3990/23175/5407",0.0588438169595807
"hsa04720","Long-term potentiation",65,0.365328231642921,0.867166512809428,0.654166666666667,0.891631660242807,0.735702548976363,2230,"tags=20%, list=12%, signal=18%","5908/2903/10411/2033/5578/6195/5566/818/468/5906/814/2902/2776",0.0675188953767744
"hsa00051","Fructose and mannose metabolism",30,-0.397003451614902,-0.864446859400221,0.675229357798165,0.899699781659389,0.742359712193305,1425,"tags=17%, list=8%, signal=15%","5208/29926/5207/80201/4351",0.0598603117764473
"hsa01230","Biosynthesis of amino acids",67,0.364194852830171,0.858633533062491,0.662551440329218,0.891631660242807,0.735702548976363,1810,"tags=15%, list=10%, signal=13%","26227/5091/587/6120/3417/384/84076/2752/4143/162417",0.0662842187012672
"hsa04961","Endocrine and other factor-regulated calcium reabsorption",52,0.375686137323281,0.856362877535603,0.679752066115702,0.899699781659389,0.742359712193305,1069,"tags=10%, list=6%, signal=9%","477/482/5578/1213/5566",0.0652353056017703
"hsa05323","Rheumatoid arthritis",86,-0.331069401437079,-0.854972001006155,0.781676413255361,0.943151978624407,0.778212961344509,1655,"tags=15%, list=9%, signal=14%","525/4050/3113/2321/6372/3576/127124/941/50617/284/6374/3111/3689",0.055826471778749
"hsa00480","Glutathione metabolism",52,0.374446698884854,0.853537622722579,0.679752066115702,0.899699781659389,0.742359712193305,2054,"tags=17%, list=12%, signal=15%","2944/2876/3417/2946/2949/51056/6723/2936/4257",0.0652353056017703
"hsa04082","Neuroactive ligand signaling",190,-0.297381833137764,-0.847733364869578,0.884453781512605,0.962086088353837,0.793835861934138,2195,"tags=14%, list=12%, signal=12%","2743/2563/1143/6870/5567/4985/140679/2770/6866/6869/148/2774/5031/5029/134/3350/1813/6865/2912/57084/1133/3354/54331/63910/2900/1815",0.0535669384770951
"hsa03022","Basal transcription factors",39,-0.374003181894677,-0.845852249080542,0.703770197486535,0.899699781659389,0.742359712193305,1557,"tags=10%, list=9%, signal=9%","4331/2962/1022/2969",0.0568864160475701
"hsa04971","Gastric acid secretion",71,0.349754906981876,0.845109841985358,0.701244813278008,0.899699781659389,0.742359712193305,1189,"tags=13%, list=7%, signal=12%","477/482/3758/7430/5578/5566/3773/818/60",0.0639271933359996
"hsa04659","Th17 cell differentiation",105,-0.317232526427116,-0.841611967772008,0.828460038986355,0.955068549927791,0.788045555086829,1958,"tags=15%, list=11%, signal=14%","59067/4790/7535/3556/3113/3320/3326/5588/50943/6257/3559/149233/6777/4088/3111/4775",0.0531298054705469
"hsa03440","Homologous recombination",37,0.374585700998664,0.835686477264896,0.693251533742331,0.899699781659389,0.742359712193305,418,"tags=8%, list=2%, signal=8%","5893/10714/29935",0.0637845390312975
"hsa05161","Hepatitis B",157,0.320130715946977,0.835444476368246,0.774566473988439,0.942553314454141,0.777718991944717,2014,"tags=15%, list=11%, signal=14%","6654/4615/1386/4792/5293/3654/7157/208/5111/2033/1385/1026/5578/57506/836/6300/468/7297/114609/23118/6778/3339/1147/1432",0.0557104226766671
"hsa05143","African trypanosomiasis",34,0.392474133245141,0.835226655635552,0.685185185185185,0.899699781659389,0.742359712193305,1106,"tags=12%, list=6%, signal=11%","4615/7412/5578/3043",0.0704500850658419
"hsa01200","Carbon metabolism",110,-0.307563638310914,-0.830652579735297,0.853515625,0.956908785019384,0.78956396869636,3275,"tags=24%, list=18%, signal=19%","128/5223/3101/6389/189/2806/7086/6391/2271/6472/3420/84532/2805/5162/1738/5230/4190/5631/1737/8803/8277/847/51/80201/8802/3419",0.0518457624865066
"hsa01040","Biosynthesis of unsaturated fatty acids",19,-0.425064194489036,-0.830321327790197,0.723364485981308,0.908051757646016,0.749251089312729,643,"tags=11%, list=4%, signal=10%","51/570",0.0574877409561325
"hsa04724","Glutamatergic synapse",109,0.328224937501256,0.821996956930288,0.787685774946921,0.943151978624407,0.778212961344509,2616,"tags=25%, list=15%, signal=21%","59345/5321/2903/51764/85358/9455/5578/255189/5566/57030/10681/1742/2892/2752/2775/5338/116443/6507/2744/2902/2776/2897/5579/2787/2913/2899/6512",0.059476028695732
"hsa04940","Type I diabetes mellitus",41,-0.354560490484218,-0.820915142533302,0.767399267399267,0.940945391475427,0.77639226355816,1737,"tags=15%, list=10%, signal=13%","3593/5799/3113/941/3111/3329",0.05378728077603
"hsa05135","Yersinia infection",132,0.319251411942741,0.819047015880313,0.823170731707317,0.952818481848185,0.786188980342629,2085,"tags=17%, list=12%, signal=15%","4615/4792/5293/3654/5335/6347/208/2335/6195/5829/6300/1793/834/60/2212/63916/64283/8395/23118/1147/1432/9564",0.0553642837725362
"hsa05020","Prion disease",230,0.298488107033202,0.818482262670634,0.881226053639847,0.961589435890022,0.793426064368757,1454,"tags=7%, list=8%, signal=6%","714/713/1386/5293/5695/2903/730/1385/2534/5566/836/6300/4695/468/84617/1536",0.0494904866135495
"hsa04975","Fat digestion and absorption",38,-0.361662235397448,-0.818207380072806,0.75,0.922872340425532,0.76147983915909,1759,"tags=13%, list=10%, signal=12%","29881/5408/8513/2168/5407",0.0553642837725362
"hsa05144","Malaria",46,0.372864229930632,0.817765404717477,0.74780701754386,0.922872340425532,0.76147983915909,1652,"tags=17%, list=9%, signal=16%","4615/6347/7058/7412/3043/975/4035/3820",0.0635007968065945
"hsa04130","SNARE interactions in vesicular transport",33,0.376871087736217,0.815588701404257,0.705240174672489,0.899699781659389,0.742359712193305,1858,"tags=12%, list=10%, signal=11%","8674/10490/8675/9554",0.066132620475844
"hsa04981","Folate transport and metabolism",27,0.390859623699031,0.809826194930536,0.724288840262582,0.908051757646016,0.749251089312729,2624,"tags=22%, list=15%, signal=19%","8714/7298/2350/6573/4524/2352",0.0649407684612899
"hsa04974","Protein digestion and absorption",94,0.32904784549027,0.809135820957988,0.776859504132231,0.942553314454141,0.777718991944717,1746,"tags=15%, list=10%, signal=14%","477/482/1303/1284/131873/80781/340267/7512/1289/1281/1307/10136/9056/120103",0.0588438169595807
"hsa01523","Antifolate resistance",29,0.387288307104869,0.807637404039524,0.727272727272727,0.908051757646016,0.749251089312729,2693,"tags=28%, list=15%, signal=23%","8714/7298/2350/6573/1147/4524/2352/3551",0.0630790410571939
"hsa00250","Alanine, aspartate and glutamate metabolism",35,0.374981491163776,0.803041915884752,0.721854304635762,0.908051757646016,0.749251089312729,2372,"tags=26%, list=13%, signal=22%","2571/2747/443/2752/790/2744/7915/84706/2746",0.0655321029282414
"hsa05212","Pancreatic cancer",76,0.327590312263956,0.802443900858041,0.771855010660981,0.942553314454141,0.777718991944717,1969,"tags=13%, list=11%, signal=12%","5293/7157/5900/208/1026/7039/9459/5338/1147/4087",0.060640400949416
"hsa04137","Mitophagy - animal",95,0.319050343643887,0.801642540207361,0.823762376237624,0.952818481848185,0.786188980342629,1419,"tags=6%, list=8%, signal=6%","23710/23770/7157/89941/468/10075",0.0541200569620232
"hsa04934","Cushing syndrome",151,0.306152687460708,0.800605616051055,0.876267748478702,0.961589435890022,0.793426064368757,1717,"tags=13%, list=10%, signal=11%","5908/7474/4297/1386/8324/4221/1385/1026/5566/7855/818/8322/79798/468/8323/83439/5906/7475/8912",0.0523759084097997
"hsa04911","Insulin secretion",84,0.324545831474037,0.799983309245684,0.821802935010482,0.952818481848185,0.786188980342629,1253,"tags=12%, list=7%, signal=11%","477/482/1386/54795/1385/3651/5578/5566/818/468",0.0568864160475701
"hsa04261","Adrenergic signaling in cardiomyocytes",148,0.3025003573426,0.7987446485672,0.902892561983471,0.969980554205153,0.800349738581406,1636,"tags=13%, list=9%, signal=12%","477/482/1386/5523/5527/208/5525/10411/1385/5578/27091/5566/7134/6300/818/468/7171/10368/6548",0.0518457624865066
"hsa02010","ABC transporters",43,-0.343113692548258,-0.798622790165371,0.819672131147541,0.952818481848185,0.786188980342629,2075,"tags=14%, list=12%, signal=12%","5825/340273/4363/225/6890/154664",0.0504983044100709
"hsa04024","cAMP signaling pathway",213,0.292862519438568,0.798444218713476,0.933467741935484,0.990560570188419,0.817330708293428,1892,"tags=13%, list=11%, signal=11%","477/482/5465/5908/4792/5293/627/2903/208/10411/2033/84152/1385/2867/5566/818/6662/2696/2892/6548/9568/1129/5906/116/814/5338/116443",0.0491927521045191
"hsa05330","Allograft rejection",35,-0.352014524837886,-0.797424304121686,0.794171220400729,0.943151978624407,0.778212961344509,3405,"tags=23%, list=19%, signal=19%","3565/355/3134/5551/3593/3113/941/3111",0.0519512476197082
"hsa04928","Parathyroid hormone synthesis, secretion and action",112,-0.29828481848752,-0.795373572836576,0.919132149901381,0.980199555046181,0.808781634062426,3154,"tags=18%, list=18%, signal=15%","2771/65268/113/10568/7421/84699/1956/8521/27347/408/4326/5567/2770/673/65266/6257/5142/3708/3710/65125",0.0488970772260102
"hsa05017","Spinocerebellar ataxia",136,-0.286734311761418,-0.788594766780804,0.957281553398058,0.99882888824512,0.824153057634865,4024,"tags=21%, list=23%, signal=17%","5332/5289/5684/115209/5693/5291/5718/5686/7416/2890/5690/7419/55062/5685/26100/5692/5682/5296/7417/4976/25814/3752/11273/7186/5719/55102/3708/3710/4654",0.0463227785794633
"hsa00785","Lipoic acid metabolism",17,0.401228416872008,0.788069067473407,0.727488151658768,0.908051757646016,0.749251089312729,2030,"tags=18%, list=11%, signal=16%","593/55526/1743",0.0686325631836726
"hsa04714","Thermogenesis",190,-0.275586578835669,-0.785602588175012,0.974789915966387,0.99882888824512,0.824153057634865,3343,"tags=21%, list=19%, signal=17%","8193/6199/388753/1537/57521/6198/6389/113/10975/84335/7386/90639/84699/10818/55967/6391/125965/4724/7249/4731/493753/57104/29078/1339/5567/51412/91942/5563/7384/155/4723/1353/65260/6009/1374/9377/8110/29796/4708/6605",0.0490939668192139
"hsa04713","Circadian entrainment",92,0.312612688614901,0.784052230270115,0.852760736196319,0.956908785019384,0.78956396869636,1739,"tags=13%, list=10%, signal=12%","59345/2903/51764/1385/5578/5566/818/10681/2892/8912/2775/116",0.0540088272801684
"hsa00052","Galactose metabolism",28,0.372183931332737,0.781941530490736,0.748945147679325,0.922872340425532,0.76147983915909,1024,"tags=11%, list=6%, signal=10%","57016/3099/8704",0.0615706755421678
"hsa00260","Glycine, serine and threonine metabolism",37,0.349473162258384,0.779661356767525,0.797546012269939,0.943151978624407,0.778212961344509,2051,"tags=16%, list=11%, signal=14%","26227/29958/2593/1610/212/4128",0.0571258510018113
"hsa04972","Pancreatic secretion",91,-0.299179558492779,-0.77901307911335,0.899817850637523,0.96967948500379,0.80010132055327,1868,"tags=11%, list=10%, signal=10%","23439/219931/5408/480/486/886/3708/23436/3710/5407",0.0462302524077616
"hsa04912","GnRH signaling pathway",86,0.320288324893465,0.77881717448288,0.862985685071575,0.961589435890022,0.793426064368757,1253,"tags=12%, list=7%, signal=11%","6654/5321/4215/2798/5578/255189/5566/6300/818/468",0.053457214108991
"hsa00982","Drug metabolism - cytochrome P450",54,-0.326627006577585,-0.777497833027749,0.870796460176991,0.961589435890022,0.793426064368757,2578,"tags=15%, list=14%, signal=13%","125/4129/7363/2938/79799/1557/1544/222",0.0464154956843849
"hsa05321","Inflammatory bowel disease",63,0.326838308621314,0.776092546696243,0.835416666666667,0.956731298129813,0.789417520826808,2120,"tags=21%, list=12%, signal=18%","3566/3460/3119/3112/6097/30009/3126/2625/3459/3605/6778/4087/3123",0.055826471778749
"hsa00270","Cysteine and methionine metabolism",50,0.331777811093268,0.773469353478085,0.832993890020367,0.956731298129813,0.789417520826808,1721,"tags=16%, list=10%, signal=14%","26227/51074/587/55256/160287/7263/6723/4143",0.0549073703290958
"hsa04730","Long-term depression",54,-0.321073821961423,-0.764279118963933,0.892035398230088,0.964287486560251,0.795652278223495,4189,"tags=31%, list=23%, signal=24%","5515/2778/5332/2977/2773/5519/2890/2771/4067/1394/4842/2770/673/283748/3479/3708/3710",0.0453152441270267
"hsa00910","Nitrogen metabolism",16,-0.395152438455895,-0.763463484710342,0.795811518324607,0.943151978624407,0.778212961344509,2824,"tags=31%, list=16%, signal=26%","767/763/762/759/761",0.0498907356726307
"hsa05219","Bladder cancer",41,0.345510827026804,0.761716737537426,0.81359649122807,0.952818481848185,0.786188980342629,2543,"tags=17%, list=14%, signal=15%","2261/7157/1026/1612/1950/4609/1890",0.059476028695732
"hsa04614","Renin-angiotensin system",22,-0.369730439348972,-0.75735367632307,0.840290381125227,0.956908785019384,0.78956396869636,3542,"tags=27%, list=20%, signal=22%","5547/3816/185/290/1636/4311",0.0491927521045191
"hsa04340","Hedgehog signaling pathway",51,0.327432417978382,0.755588723100425,0.854875283446712,0.956908785019384,0.78956396869636,1069,"tags=10%, list=6%, signal=9%","894/1452/1954/1454/5566",0.0587185879555941
"hsa04623","Cytosolic DNA-sensing pathway",73,-0.300684405759234,-0.752119607135481,0.94018691588785,0.994648962844769,0.82070412024436,2755,"tags=21%, list=15%, signal=17%","3446/3445/661/81030/10623/58511/4790/3456/197259/3449/79792/6351/3442/5093/3452",0.0454059226590179
"hsa00541","Biosynthesis of various nucleotide sugars",17,-0.380684881608882,-0.747216523151153,0.843103448275862,0.956908785019384,0.78956396869636,3786,"tags=18%, list=21%, signal=14%","54187/51706/29926",0.0466948041282054
"hsa01210","2-Oxocarboxylic acid metabolism",32,0.345790556149242,0.746116421134595,0.799097065462754,0.943151978624407,0.778212961344509,2485,"tags=28%, list=14%, signal=24%","593/587/3417/55526/162417/1743/84706/48/51166",0.0617054053637522
"hsa04930","Type II diabetes mellitus",44,-0.322045293996541,-0.744668815551334,0.87292817679558,0.961589435890022,0.793426064368757,3798,"tags=20%, list=21%, signal=16%","5291/774/5580/3101/5581/8835/5296/80201/122809",0.0481183992657975
"hsa05310","Asthma",28,-0.343586895198115,-0.738998438655198,0.867424242424242,0.961589435890022,0.793426064368757,1530,"tags=7%, list=9%, signal=7%","3113/3111",0.0496901392724606
"hsa04913","Ovarian steroidogenesis",45,0.328124532090759,0.737385112543977,0.848232848232848,0.956908785019384,0.78956396869636,3051,"tags=24%, list=17%, signal=20%","5321/9210/255189/5566/240/122970/5743/2492/3294/3949/109",0.0550211117163117
"hsa00592","alpha-Linolenic acid metabolism",19,-0.377400722393276,-0.737215397084327,0.850467289719626,0.956908785019384,0.78956396869636,849,"tags=11%, list=5%, signal=10%","283748/51",0.0499913914024592
"hsa00512","Mucin type O-glycan biosynthesis",32,-0.336544173141818,-0.736548103082914,0.874776386404293,0.961589435890022,0.793426064368757,316,"tags=6%, list=2%, signal=6%","79695/27090",0.0466948041282054
"hsa04915","Estrogen signaling pathway",127,0.285167649581315,0.735967902951514,0.96516393442623,0.99882888824512,0.824153057634865,1851,"tags=12%, list=10%, signal=11%","6654/6464/1386/5293/25759/208/1385/5914/7039/5566/468/2288/9568/2775/192666",0.0484087618816951
"hsa04120","Ubiquitin mediated proteolysis",133,0.28353369769243,0.733279058604218,0.963414634146341,0.99882888824512,0.824153057634865,3536,"tags=24%, list=20%, signal=19%","9886/867/7317/9320/9063/11060/65264/10075/10054/331/9690/11065/55958/991/55236/51366/4281/9040/996/22888/26091/6233/27338/9817/89910/64750/389898/26259/51343/25906/8945/9354",0.0481183992657975
"hsa04152","AMPK signaling pathway",117,0.291185652127894,0.728347577930491,0.946830265848671,0.995606370452996,0.821494095801745,908,"tags=9%, list=5%, signal=9%","79966/5293/5523/23411/2308/5527/10891/208/5525/1385/6720",0.0491927521045191
"hsa00450","Selenocompound metabolism",13,-0.385487594158129,-0.72549499441768,0.818996415770609,0.952818481848185,0.786188980342629,4611,"tags=31%, list=26%, signal=23%","4548/51540/9060/51091",0.0497903187820785
"hsa05033","Nicotine addiction",37,0.324150569454131,0.723167613628422,0.889570552147239,0.964287486560251,0.795652278223495,2039,"tags=16%, list=11%, signal=14%","2903/8973/57030/2892/116443/2902",0.0520570030732099
"hsa05332","Graft-versus-host disease",39,0.328067134949403,0.720958598074247,0.878651685393258,0.961589435890022,0.793426064368757,2120,"tags=15%, list=12%, signal=14%","3135/3811/3119/3112/3126/3123",0.0570059526582387
"hsa04721","Synaptic vesicle cycle",75,0.287473222309397,0.711596764320515,0.94375,0.995383738601824,0.821310397950161,1290,"tags=8%, list=7%, signal=7%","23545/440279/245972/10312/1213/57030",0.0501934252649434
"hsa04156","Integrated stress response (ISR) signaling pathway",49,0.315042056225398,0.706222439392969,0.920879120879121,0.980199555046181,0.808781634062426,1253,"tags=8%, list=7%, signal=8%","23710/54541/8795/468",0.05378728077603
"hsa00670","One carbon pool by folate",33,-0.31318327131577,-0.700245745724348,0.917279411764706,0.980199555046181,0.808781634062426,3699,"tags=36%, list=21%, signal=29%","23743/55349/1719/501/10768/6472/27232/191/1738/23382/875/10797",0.04577044581081
"hsa00140","Steroid hormone biosynthesis",48,-0.28796940250316,-0.680363259407655,0.96316758747698,0.99882888824512,0.824153057634865,2109,"tags=10%, list=12%, signal=9%","51144/7363/79799/1312/1544",0.0436251240000606
"hsa04970","Salivary secretion",80,0.272685475318592,0.667420897054075,0.985743380855397,0.99882888824512,0.824153057634865,1069,"tags=5%, list=6%, signal=5%","477/482/5578/5566",0.0471642455670861
"hsa05204","Chemical carcinogenesis - DNA adducts",49,0.297222261846733,0.666276221397941,0.951648351648352,0.997649480428937,0.823179905406946,1398,"tags=10%, list=8%, signal=9%","2944/3290/2946/2949/7366",0.0522693317499306
"hsa04916","Melanogenesis",96,0.266344010518773,0.662265809379497,0.990825688073395,0.999466609771709,0.82467925401569,1901,"tags=15%, list=11%, signal=13%","7474/8324/2033/1385/5578/5566/7855/818/8322/8323/83439/7475/2775/434",0.0523759084097997
"hsa04927","Cortisol synthesis and secretion",64,-0.26853237879384,-0.660217845770322,0.986666666666667,0.99882888824512,0.824153057634865,295,"tags=3%, list=2%, signal=3%","3708/3710",0.0440640346597561
"hsa00980","Metabolism of xenobiotics by cytochrome P450",59,-0.269818250002123,-0.648770672822306,0.98109640831758,0.99882888824512,0.824153057634865,1780,"tags=10%, list=10%, signal=9%","7363/22977/2938/79799/1544/222",0.0439759278026345
"hsa05032","Morphine addiction",86,0.263609868102647,0.640997116300749,0.985685071574642,0.99882888824512,0.824153057634865,1733,"tags=8%, list=10%, signal=7%","59345/51764/5578/5566/10681/9568/2775",0.0473534245254193
"hsa04723","Retrograde endocannabinoid signaling",133,0.247526240101436,0.640156037178745,1,1,0.825119364621953,1438,"tags=7%, list=8%, signal=6%","59345/51764/5578/5566/6300/4695/57030/10681/2892",0.0464154956843849
"hsa04136","Autophagy - other",31,0.284442316350473,0.598526843249057,0.982758620689655,0.99882888824512,0.824153057634865,1066,"tags=6%, list=6%, signal=6%","23710/60673",0.0498907356726307
"hsa03020","RNA polymerase",29,0.285646556867841,0.595677275635134,0.987315010570824,0.99882888824512,0.824153057634865,1216,"tags=14%, list=7%, signal=13%","5434/51728/5439/171568",0.0487989701682839
"hsa00030","Pentose phosphate pathway",30,-0.261665669926851,-0.569758438273061,0.996330275229358,1,0.825119364621953,1506,"tags=10%, list=8%, signal=9%","51071/5631/8277",0.0419081748591401
"hsa00532","Glycosaminoglycan biosynthesis - chondroitin sulfate / dermatan sulfate",21,-0.283205989052395,-0.566972290558567,0.987012987012987,0.99882888824512,0.824153057634865,2928,"tags=24%, list=16%, signal=20%","9469/29940/10090/64131/55790",0.042845050912155
"hsa00513","Various types of N-glycan biosynthesis",41,-0.231500876124404,-0.535994787407675,0.998168498168498,1,0.825119364621953,3638,"tags=17%, list=20%, signal=14%","200185/25834/10195/2530/4245/10905/3703",0.0417397034728504
